kalshi_sub_title,polymarket_outcome,series_scope
100 Thieves,100 Thieves
1WIN,1WIN
3DMAX,3DMAX
9z,9z
AM Gaming,AM Gaming
ASTRAL,ASTRAL
Algo,ALGO Esports
All Gamers,All Gamers
Alliance,Alliance
Apogee Esports,Betclic Apogee Esports
BBL Esports,BBL Esports
BNK FEARX,BNK FEARX
BNK FearX Youth,BNK FearX Youth
BOMBA Team,BOMBA Team
Bilibili Gaming,Bilibili Gaming
Bushido Wildcats,Bushido Wildcats
CTBC Flying Oyster,CTBC Flying Oyster
Chicken Coop Esports,Chicken Coop Esports
DN SOOPers,DN SOOPers
DN SOOPers Challengers,DN SOOPers Challengers
DOCISK,DOCISK
DRX,Kiwoom DRX,KXLOLGAME
DRX Challengers,Kiwoom DRX Challengers,KXLOLGAME
Deep Cross Gaming,Deep Cross Gaming
DetonatioN FocusMe,DetonatioN FocusMe
Dplus KIA,Dplus KIA
Dplus KIA Challengers,Dplus KIA Challengers
Esport Academy Copenhagen,Esport Academy Copenhagen
Estral Esports,Estral Esports
Eternal Fire,Eternal Fire
FOKUS,FOKUS
FURIA Esports,FURIA Esports
FUT Esports,FUT Esports
FaZe,FaZe
FlyQuest,FlyQuest
Fnatic,Fnatic
Fukuoka SoftBank Hawks Gaming,Fukuoka SoftBank Hawks Gaming
GAM Esports,GAM Esports
Galions,Galions
Gen.G,Gen.G
Gen.G Global Academy,Gen.G Global Academy
GenOne,GenOne
Gentle Mates,Gentle Mates
Ground Zero Gaming,Ground Zero Gaming
HAVU,HAVU
HEROIC Academy,HEROIC Academy
Hanwha Life Esports,Hanwha Life Esports
Hanwha Life Esports Challengers,Hanwha Life Esports Challengers
Hashiras,Hashiras
Heroic,Heroic
Imperial,Imperial
Invictus Gaming,Invictus Gaming
KOLESIE,KOLESIE
KT Rolster,KT Rolster
KT Rolster Challengers,KT Rolster Challengers
KaBuM! Ilha das Lendas,KaBuM! Ilha das Lendas
Karmine Corp Blue,Karmine Corp Blue
LNG Esports,LNG Esports
LOUD,LOUD
LUA Gaming,LUA Gaming
LYON,LYON
Lavked,Lavked
Leo Team,Leo Team
Leviatán Esports,Leviatán Esports
MVK Esports,MVK Esports
Myth Esports,Myth Esports
NIP,NIP
NRG,NRG
Natus Vincere,Natus Vincere
Nemiga,Nemiga
Nemiga Gaming,Nemiga Gaming
Nongshim Esports Academy,Nongshim Esports Academy
Nongshim Red Force,Nongshim Red Force
Nongshim RedForce,Nongshim RedForce
Nova Esports,Nova Esports
Once Upon A Team,Once Upon A Team
Orbit Anonymo,Orbit Anonymo
Phantom,Phantom
REBORN,Fire Flux Esports,KXVALORANTGAME
Rebels Gaming,Rebels Gaming
Rune Eaters,Rune Eaters
Sentinels,Sentinels
SINNERS Esports,Sinners
Sharks,Sharks
Shifters,Shifters
ShindeN,ShindeN
Solary,Solary
T1,T1
T1 Academy,T1 Academy
TDK,TDK
TEC Esports,TEC Esports
TLN Pirates,TLN Pirates
TNC,TNC
TYLOO,TYLOO
Team Liquid,Team Liquid
Team Secret Whales,Team Secret Whales
The Bandits,The Bandits
ThunderTalk Gaming,ThunderTalk Gaming
Tricked,Tricked
UCAM Esports Club,UCAM Esports Club
Ursa,Ursa
Voca,Voca
WW Team,WW Team
Weibo Gaming,Weibo Gaming
against All authority,against All authority
devils.one x KMT,devils.one
ex-RUBY,ex-RUBY
ex-Zero Tenacity,ex-Zero Tenacity
fnatic,fnatic
illwill,illwill
mCon esports,mCon esports
magic,magic
paiN Gaming Academy,paiN Gaming Academy
OKSavingsBank BRION,HANJIN BRION
OKSavingsBank BRION Challengers,HANJIN BRION Challengers
Los Heretics,Team Heretics Academy
Team Heretics,Team Heretics
Barça eSports,Barça eSports
Barca eSports GC,Barça eSports GC
GIANTX GC,GIANTX GC
ex-Gaimin Gladiators,Gaimin Gladiators
LGD,LGD Gaming
TY,Team Yandex
B8 Esports,B8
Carstensz,Carstensz
Cloud Rising,Cloud Rising
Execration,Execration
Game Master,Game Master
Grind Back,Grind Back
InterActive Philippines,InterActive Philippines
LGD Gaming,LGD Gaming
Lindorfitos,Lindorfitos
Mentality Monster,Mentality Monster
PlayTime,PlayTime
Team Refuser,Team Refuser
Team Resilience,Team Resilience
Vici Gaming,Vici Gaming
Yakult's Brothers,Yakult Brothers
Yangon Galacticos,Yangon Galacticos
estar_backs,Estar Backs
Alliance Guardians,Alliance Guardians
Azure Dragon Gaming,Azure Dragon Gaming
Division One,Division One
Dynamo Esports,Dynamo Esports
EDward Gaming,EDward Gaming
Evil Geniuses Academy,Evil Geniuses Academy
M80,M80
NRG Academy,NRG Academy
Nightblood Gaming,Nightblood Gaming
Paper Rex,Paper Rex
Pigeons,Pigeons
QoR,QoR
ROSE,ROSE
SaD Esports,SaD Esports
Team Evictix,Team Evictix
Team Vitality,Team Vitality
YFT,YFP Gaming
YFT Esports,YFP Gaming
Hive,Hive
Team Aoin,Team AION
Zero Tenacity,Zero Tenacity
GIANTX PRIDE,GIANTX iTero
AG.AL,Anyone's Legend
Lyon Gaming Academy,LYON Academy
NSEA,Nongshim Esports Academy
T1A,T1 Academy
FALKE Esports,FALKE Esports
RLX Esports,Croatian Flair x RLX
Berlin International Gaming,BIG
ROSSMANN Centaurs,ROSSMANN Centaurs
UB Alma Mater,UB Alma Mater
DN Freecs,DN SOOPers
Orzel Barczaca Esports,Barcząca Esports
Shopify Rebellion GC,Shopify Rebellion Gold
BetBoom Team,BoomBoys,KXDOTA2GAME
OG,OG,KXDOTA2GAME
TEAM VISION,TEAM VISION,KXDOTA2GAME
Aurora,Aurora,KXDOTA2GAME
Aurora Gaming,Aurora,KXDOTA2GAME
1win,Iron Wing,KXDOTA2GAME
Amaru Gaming,Amaru Gaming,KXDOTA2GAME
Dandelions,Dandelions,KXDOTA2GAME
Enjoy,Enjoy,KXDOTA2GAME
Execration,Execration,KXDOTA2GAME
FTS,FTS,KXDOTA2GAME
GLYPH,GLYPH,KXDOTA2GAME
GamerLegion,GamerLegion,KXDOTA2GAME
HULIGANI,HULIGANI,KXDOTA2GAME
Ilbirs eSports,Ilbirs eSports,KXDOTA2GAME
Inner Circle,Inner Circle,KXDOTA2GAME
Iron Wing,Iron Wing,KXDOTA2GAME
KW,KW,KXDOTA2GAME
L1ga Team,L1ga Team,KXDOTA2GAME
LGD Gaming,LGD Gaming,KXDOTA2GAME
Level UP,Level UP,KXDOTA2GAME
MOUZ,MOUZ,KXDOTA2GAME
Midas Club,Midas Club,KXDOTA2GAME
NS Team,NS Team,KXDOTA2GAME
Natus Vincere,Natus Vincere,KXDOTA2GAME
Nemiga Gaming,Nemiga Gaming,KXDOTA2GAME
Nigma Galaxy,Nigma Galaxy,KXDOTA2GAME
No Hoodwink,No Hoodwink,KXDOTA2GAME
PARIVISION,PARIVISION,KXDOTA2GAME
PlayTime,PlayTime,KXDOTA2GAME
Power Rangers,Power Rangers,KXDOTA2GAME
PuckChamp,PuckChamp,KXDOTA2GAME
RE.Arise,RE.Arise,KXDOTA2GAME
REKONIX,REKONIX,KXDOTA2GAME
Rune Eaters,Rune Eaters,KXDOTA2GAME
Spirit Academy,Spirit Academy,KXDOTA2GAME
Stray Team,Stray Team,KXDOTA2GAME
Team Bald,Team Bald,KXDOTA2GAME
Team Falcons,Team Falcons,KXDOTA2GAME
Team Jenz,Team Jenz,KXDOTA2GAME
Team Liquid,Team Liquid,KXDOTA2GAME
Team Lynx,Team Lynx,KXDOTA2GAME
Team Resilience,Team Resilience,KXDOTA2GAME
Team Spirit,Team Spirit,KXDOTA2GAME
Team Syntax,Team Syntax,KXDOTA2GAME
Team Yandex,Team Yandex,KXDOTA2GAME
Travoman Team,Travoman Team,KXDOTA2GAME
Vici Gaming,Vici Gaming,KXDOTA2GAME
VooDooSh Team,VooDooSh Team,KXDOTA2GAME
Xtreme Gaming,Xtreme Gaming,KXDOTA2GAME
Yellow Submarine,Yellow Submarine,KXDOTA2GAME
Zero Tenacity,Zero Tenacity,KXDOTA2GAME
3BL Esports,3BL Esports,KXLOLGAME
7REX,7REX,KXLOLGAME
9z Globant,9z Globant,KXLOLGAME
Absolved,Absolved,KXLOLGAME
Anubis Gaming,Anubis Gaming,KXLOLGAME
Anyone's Legend,Anyone's Legend,KXLOLGAME
Arctic Pandas,Arctic Pandas,KXLOLGAME
B2U,B2U,KXLOLGAME
BNK FEARX,BNK FEARX,KXLOLGAME
BNK FearX Youth,BNK FearX Youth,KXLOLGAME
BOMBA Team,BOMBA Team,KXLOLGAME
Baam Esports,Baam Esports,KXLOLGAME
Barça eSports,Barça eSports,KXLOLGAME
Bilibili Gaming,Bilibili Gaming,KXLOLGAME
Blue Otter,Blue Otter,KXLOLGAME
BoostGate Esports,BoostGate Esports,KXLOLGAME
Brod n Friends,Brod n Friends,KXLOLGAME
Bulldog Esports,Bulldog Esports,KXLOLGAME
Bushido Wildcats,Bushido Wildcats,KXLOLGAME
CCG Esports,CCG Esports,KXLOLGAME
CTBC Flying Oyster,CTBC Flying Oyster,KXLOLGAME
Capybara Esports,Capybara Esports,KXLOLGAME
Cloud9,Cloud9,KXLOLGAME
Contingent Esports,Contingent Esports,KXLOLGAME
Conviction,Conviction,KXLOLGAME
Cupid Esports,Cupid Esports,KXLOLGAME
DIA Ozarox Esports,DIA Ozarox Esports,KXLOLGAME
DMG Esports,DMG Esports,KXLOLGAME
DN SOOPers,DN SOOPers,KXLOLGAME
DN SOOPers Challengers,DN SOOPers Challengers,KXLOLGAME
DOCISK,DOCISK,KXLOLGAME
Dark Passage,Dark Passage,KXLOLGAME
Deep Cross Gaming,Deep Cross Gaming,KXLOLGAME
DetonatioN FocusMe,DetonatioN FocusMe,KXLOLGAME
Dignitas,Dignitas,KXLOLGAME
Disguised,Disguised,KXLOLGAME
Dominion Goblins,Dominion Goblins,KXLOLGAME
Dorado Gaming,Dorado Gaming,KXLOLGAME
Dplus KIA,Dplus KIA,KXLOLGAME
Dplus KIA Challengers,Dplus KIA Challengers,KXLOLGAME
Dream Esports,Dream Esports,KXLOLGAME
Dynasty,Dynasty,KXLOLGAME
E WIE EINFACH E-SPORTS,E WIE EINFACH E-SPORTS,KXLOLGAME
EDward Gaming,EDward Gaming,KXLOLGAME
EXILE esports,EXILE esports,KXLOLGAME
EXSAD Gaming,EXSAD Gaming,KXLOLGAME
Eintracht Frankfurt,Eintracht Frankfurt,KXLOLGAME
Eintracht Spandau,Eintracht Spandau,KXLOLGAME
Epic Avalanche,Epic Avalanche,KXLOLGAME
FALKE Esports,FALKE Esports,KXLOLGAME
FURIA Esports,FURIA Esports,KXLOLGAME
Fluxo W7M,Fluxo W7M,KXLOLGAME
FlyQuest,FlyQuest,KXLOLGAME
Fnatic,Fnatic,KXLOLGAME
Forsaken,Forsaken,KXLOLGAME
Frites Esports Club,Frites Esports Club,KXLOLGAME
Fuego,Fuego,KXLOLGAME
Fukuoka SoftBank Hawks Gaming,Fukuoka SoftBank Hawks Gaming,KXLOLGAME
G2 Esports,G2 Esports,KXLOLGAME
G2 NORD,G2 NORD,KXLOLGAME
GAM Esports,GAM Esports,KXLOLGAME
GIANTX,GIANTX,KXLOLGAME
Galions,Galions,KXLOLGAME
Gen.G,Gen.G,KXLOLGAME
Gen.G Global Academy,Gen.G Global Academy,KXLOLGAME
GnG Amazigh,GnG Amazigh,KXLOLGAME
Ground Zero Gaming,Ground Zero Gaming,KXLOLGAME
Hanwha Life Esports,Hanwha Life Esports,KXLOLGAME
Hanwha Life Esports Challengers,Hanwha Life Esports Challengers,KXLOLGAME
Hyperion,Hyperion,KXLOLGAME
Ici Japon Corp. Esport,Ici Japon Corp. Esport,KXLOLGAME
Invictus Gaming,Invictus Gaming,KXLOLGAME
JD Gaming,JD Gaming,KXLOLGAME
Joblife,Joblife,KXLOLGAME
KT Rolster,KT Rolster,KXLOLGAME
KT Rolster Challengers,KT Rolster Challengers,KXLOLGAME
Karmine Corp,Karmine Corp,KXLOLGAME
Karmine Corp Blue,Karmine Corp Blue,KXLOLGAME
Kaufland Hangry Knights,Kaufland Hangry Knights,KXLOLGAME
Kits Esports,Kits Esports,KXLOLGAME
L Guide Gaming,L Guide Gaming,KXLOLGAME
LEO,LEO,KXLOLGAME
LGD Gaming,LGD Gaming,KXLOLGAME
LNG Esports,LNG Esports,KXLOLGAME
LOS,LOS,KXLOLGAME
LOUD,LOUD,KXLOLGAME
LUA Gaming,LUA Gaming,KXLOLGAME
LYON,LYON,KXLOLGAME
Leviatan Esports,Leviatan Esports,KXLOLGAME
Lodis,Lodis,KXLOLGAME
Lundqvist Lightside,Lundqvist Lightside,KXLOLGAME
MIBR.LOS,MIBR.LOS,KXLOLGAME
MVK Esports,MVK Esports,KXLOLGAME
Malvinas Gaming,Malvinas Gaming,KXLOLGAME
Maryville University,Maryville University,KXLOLGAME
Maze Gaming,Maze Gaming,KXLOLGAME
Meavedron,Meavedron,KXLOLGAME
Movistar KOI,Movistar KOI,KXLOLGAME
Movistar KOI Fénix,Movistar KOI Fénix,KXLOLGAME
NORTHERNGRADE ESPORTS,NORTHERNGRADE ESPORTS,KXLOLGAME
NRG Esports,NRG Esports,KXLOLGAME
Natus Vincere,Natus Vincere,KXLOLGAME
NightBirds,NightBirds,KXLOLGAME
Ninjas in Pyjamas,Ninjas in Pyjamas,KXLOLGAME
Nongshim Esports Academy,Nongshim Esports Academy,KXLOLGAME
Nongshim Red Force,Nongshim Red Force,KXLOLGAME
Once Upon A Team,Once Upon A Team,KXLOLGAME
One More Esports,One More Esports,KXLOLGAME
Onion Team,Onion Team,KXLOLGAME
Orbit Anonymo,Orbit Anonymo,KXLOLGAME
PCIFIC,PCIFIC,KXLOLGAME
Pyramid IV Esports,Pyramid IV Esports,KXLOLGAME
RED Academy,RED Academy,KXLOLGAME
RED Canids,RED Canids,KXLOLGAME
RMD Gaming,RMD Gaming,KXLOLGAME
ROSSMANN Centaurs,ROSSMANN Centaurs,KXLOLGAME
Rich Gang,Rich Gang,KXLOLGAME
SDM Tigres,SDM Tigres,KXLOLGAME
SK Gaming,SK Gaming,KXLOLGAME
SU Esports,SU Esports,KXLOLGAME
Senshi Esports Club,Senshi Esports Club,KXLOLGAME
Sentinels,Sentinels,KXLOLGAME
Shark Attack,Shark Attack,KXLOLGAME
Shifters,Shifters,KXLOLGAME
Shopify Rebellion,Shopify Rebellion,KXLOLGAME
Skillcamp Esport,Skillcamp Esport,KXLOLGAME
T1,T1,KXLOLGAME
T1 Academy,T1 Academy,KXLOLGAME
TLN Pirates,TLN Pirates,KXLOLGAME
Team Heretics,Team Heretics,KXLOLGAME
Team Liquid,Team Liquid,KXLOLGAME
Team Orange Gaming,Team Orange Gaming,KXLOLGAME
Team Phoenix,Team Phoenix,KXLOLGAME
Team Secret Whales,Team Secret Whales,KXLOLGAME
Team Solid,Team Solid,KXLOLGAME
Team Vitality,Team Vitality,KXLOLGAME
Team WE,Team WE,KXLOLGAME
The Bandits,The Bandits,KXLOLGAME
The Ruddy Sack,The Ruddy Sack,KXLOLGAME
ThunderTalk Gaming,ThunderTalk Gaming,KXLOLGAME
Top Esports,Top Esports,KXLOLGAME
UB Alma Mater,UB Alma Mater,KXLOLGAME
UCAM Esports Club,UCAM Esports Club,KXLOLGAME
UP2UMEDIA Cebulaki,UP2UMEDIA Cebulaki,KXLOLGAME
Unicorns Of Love Sexy Edition,Unicorns Of Love Sexy Edition,KXLOLGAME
University of Mississippi,University of Mississippi,KXLOLGAME
Uwinks,Uwinks,KXLOLGAME
Verdant,Verdant,KXLOLGAME
VfB eSports,VfB eSports,KXLOLGAME
Vivo Keyd Stars,Vivo Keyd Stars,KXLOLGAME
Volda E-Sport,Volda E-Sport,KXLOLGAME
Weibo Gaming,Weibo Gaming,KXLOLGAME
White Dragons,White Dragons,KXLOLGAME
Winthrop University,Winthrop University,KXLOLGAME
ZennIT,ZennIT,KXLOLGAME
ZeroZone Gaming,ZeroZone Gaming,KXLOLGAME
eSuba,eSuba,KXLOLGAME
mCon esports,mCon esports,KXLOLGAME
paiN Gaming,paiN Gaming,KXLOLGAME
100 Thieves,100 Thieves,KXVALORANTGAME
2GAME Esports,2GAME Esports,KXVALORANTGAME
ALTERNATE aTTaX Ruby,ALTERNATE aTTaX Ruby,KXVALORANTGAME
Akave Esports Black,Akave Esports Black,KXVALORANTGAME
All Gamers,All Gamers,KXVALORANTGAME
Arashi GC,Arashi GC,KXVALORANTGAME
Axolotl,Axolotl,KXVALORANTGAME
BBL Esports,BBL Esports,KXVALORANTGAME
BESTIA,BESTIA,KXVALORANTGAME
Bilibili Gaming,Bilibili Gaming,KXVALORANTGAME
Cloud9,Cloud9,KXVALORANTGAME
Cloud9 GC,Cloud9 GC,KXVALORANTGAME
Contra,Contra,KXVALORANTGAME
DetonatioN FocusMe,DetonatioN FocusMe,KXVALORANTGAME
Dragon Ranger Gaming,Dragon Ranger Gaming,KXVALORANTGAME
EDward Gaming,EDward Gaming,KXVALORANTGAME
Eintracht Frankfurt,Eintracht Frankfurt,KXVALORANTGAME
Enterprise Esports,Enterprise Esports,KXVALORANTGAME
Eternal Fire,Eternal Fire,KXVALORANTGAME
Eternal Focus Amethyst,Eternal Focus Amethyst,KXVALORANTGAME
Evil Geniuses,Evil Geniuses,KXVALORANTGAME
Evil Geniuses GC,Evil Geniuses GC,KXVALORANTGAME
Evils of Delusion,Evils of Delusion,KXVALORANTGAME
FALKE VENOM,FALKE VENOM,KXVALORANTGAME
FOKUS Sakura,FOKUS Sakura,KXVALORANTGAME
FULL SENSE,FULL SENSE,KXVALORANTGAME
FURIA Esports,FURIA Esports,KXVALORANTGAME
FUT Esports,FUT Esports,KXVALORANTGAME
Fennel,Fennel,KXVALORANTGAME
Fluxo W7M,Fluxo W7M,KXVALORANTGAME
FlyQuest RED,FlyQuest RED,KXVALORANTGAME
Fnatic,Fnatic,KXVALORANTGAME
FunPlus Phoenix,FunPlus Phoenix,KXVALORANTGAME
G2 Esports,G2 Esports,KXVALORANTGAME
G2 Gozen,G2 Gozen,KXVALORANTGAME
GIANTX,GIANTX,KXVALORANTGAME
GIANTX GC,GIANTX GC,KXVALORANTGAME
Gen.G Esports,Gen.G Esports,KXVALORANTGAME
Gentle Mates,Gentle Mates,KXVALORANTGAME
Gentle Mates GC,Gentle Mates GC,KXVALORANTGAME
Global Esports,Global Esports,KXVALORANTGAME
HIMMERS,HIMMERS,KXVALORANTGAME
Habos Babos,Habos Babos,KXVALORANTGAME
IGZIST,IGZIST,KXVALORANTGAME
JD Gaming,JD Gaming,KXVALORANTGAME
Joblife,Joblife,KXVALORANTGAME
Joblife GC,Joblife GC,KXVALORANTGAME
KRÜ Blaze,KRÜ Blaze,KXVALORANTGAME
KRÜ Esports,KRÜ Esports,KXVALORANTGAME
Karmine Corp,Karmine Corp,KXVALORANTGAME
Karmine Corp GC,Karmine Corp GC,KXVALORANTGAME
KeepBest Gaming,KeepBest Gaming,KXVALORANTGAME
LOUD,LOUD,KXVALORANTGAME
Leviatán Esports,Leviatán Esports,KXVALORANTGAME
Looking For Laburo,Looking For Laburo,KXVALORANTGAME
Los Chudeles,Los Chudeles,KXVALORANTGAME
Lost Puppies GC,Lost Puppies GC,KXVALORANTGAME
M80,M80,KXVALORANTGAME
MIBR,MIBR,KXVALORANTGAME
MVSK Secret,MVSK Secret,KXVALORANTGAME
Mom Said No,Mom Said No,KXVALORANTGAME
NPC Team,NPC Team,KXVALORANTGAME
NRG,NRG,KXVALORANTGAME
Natus Vincere,Natus Vincere,KXVALORANTGAME
No Sweat Blossom,No Sweat Blossom,KXVALORANTGAME
Nongshim RedForce,Nongshim RedForce,KXVALORANTGAME
Nova Esports,Nova Esports,KXVALORANTGAME
ONSIDE GAMING,ONSIDE GAMING,KXVALORANTGAME
ORA Temper,ORA Temper,KXVALORANTGAME
Olimpo Gold,Olimpo Gold,KXVALORANTGAME
Paper Rex,Paper Rex,KXVALORANTGAME
Pcific Esports,Pcific Esports,KXVALORANTGAME
QT DIG,QT DIG,KXVALORANTGAME
REJECT,REJECT,KXVALORANTGAME
ROSO GC,ROSO GC,KXVALORANTGAME
Revitalize GC,Revitalize GC,KXVALORANTGAME
Rex Regum Qeon,Rex Regum Qeon,KXVALORANTGAME
SEN Otters,SEN Otters,KXVALORANTGAME
SK Nebula,SK Nebula,KXVALORANTGAME
SaD GC,SaD GC,KXVALORANTGAME
Sentinels,Sentinels,KXVALORANTGAME
Sharper Esport,Sharper Esport,KXVALORANTGAME
Shopify Rebellion,Shopify Rebellion,KXVALORANTGAME
SwimTrek Blue,SwimTrek Blue,KXVALORANTGAME
T1,T1,KXVALORANTGAME
TEC Esports,TEC Esports,KXVALORANTGAME
TYLOO,TYLOO,KXVALORANTGAME
Team Envy,Team Envy,KXVALORANTGAME
Team Heretics,Team Heretics,KXVALORANTGAME
Team Liquid,Team Liquid,KXVALORANTGAME
Team Liquid Brazil,Team Liquid Brazil,KXVALORANTGAME
Team Secret,Team Secret,KXVALORANTGAME
Team Vitality,Team Vitality,KXVALORANTGAME
The Spiders,The Spiders,KXVALORANTGAME
Trace Esports,Trace Esports,KXVALORANTGAME
Twisted Minds Orchid,Twisted Minds Orchid,KXVALORANTGAME
VARREL,VARREL,KXVALORANTGAME
Wolves Esports,Wolves Esports,KXVALORANTGAME
XLG Gaming,XLG Gaming,KXVALORANTGAME
Xipto Esports,Xipto Esports,KXVALORANTGAME
ZETA DIVISION,ZETA DIVISION,KXVALORANTGAME
100 Thieves,100 Thieves,KXCS2GAME
1WIN,1WIN,KXCS2GAME
33,33,KXCS2GAME
3DMAX,3DMAX,KXCS2GAME
6666,6666,KXCS2GAME
9INE,9INE,KXCS2GAME
ABT Esports,ABT Esports,KXCS2GAME
ALKA,ALKA,KXCS2GAME
ARCRED,ARCRED,KXCS2GAME
ASTRAL,ASTRAL,KXCS2GAME
Acend,Acend,KXCS2GAME
Alliance,Alliance,KXCS2GAME
Astralis,Astralis,KXCS2GAME
Atreides,Atreides,KXCS2GAME
B8,B8,KXCS2GAME
BASEMENT BOYS,BASEMENT BOYS,KXCS2GAME
BC.Game Esports,BC.Game Esports,KXCS2GAME
BESTIA,BESTIA,KXCS2GAME
BIG,BIG,KXCS2GAME
BORRACHEIROS,BORRACHEIROS,KXCS2GAME
BakS eSports,BakS eSports,KXCS2GAME
Black Phoenix,Black Phoenix,KXCS2GAME
Bounty Hunters Esports,Bounty Hunters Esports,KXCS2GAME
Brute,Brute,KXCS2GAME
Bushido Wildcats,Bushido Wildcats,KXCS2GAME
Butterfly,Butterfly,KXCS2GAME
CYBERSHOKE Esports,CYBERSHOKE Esports,KXCS2GAME
CYBERSHOKE Prospects,CYBERSHOKE Prospects,KXCS2GAME
Chicken Coop Esports,Chicken Coop Esports,KXCS2GAME
DENDELE CS,DENDELE CS,KXCS2GAME
DUSTY,DUSTY,KXCS2GAME
Dark Tigre,Dark Tigre,KXCS2GAME
Dhala,Dhala,KXCS2GAME
ECHO,ECHO,KXCS2GAME
EYEBALLERS,EYEBALLERS,KXCS2GAME
Esport Academy Copenhagen,Esport Academy Copenhagen,KXCS2GAME
Eternal Fire,Eternal Fire,KXCS2GAME
FOKUS,FOKUS,KXCS2GAME
FURIA,FURIA,KXCS2GAME
FUT Esports,FUT Esports,KXCS2GAME
FaZe,FaZe,KXCS2GAME
Falcons Force,Falcons Force,KXCS2GAME
Fluxo W7M,Fluxo W7M,KXCS2GAME
G2,G2,KXCS2GAME
G2 Ares,G2 Ares,KXCS2GAME
Galactik rebels,Galactik rebels,KXCS2GAME
Galorys,Galorys,KXCS2GAME
GamerLegion,GamerLegion,KXCS2GAME
GenOne,GenOne,KXCS2GAME
Gentle Mates,Gentle Mates,KXCS2GAME
Giant Pandas,Giant Pandas,KXCS2GAME
Gremio Esports,Gremio Esports,KXCS2GAME
HAVU,HAVU,KXCS2GAME
HEROIC Academy,HEROIC Academy,KXCS2GAME
HOTU,HOTU,KXCS2GAME
Heroic,Heroic,KXCS2GAME
INOX Division,INOX Division,KXCS2GAME
Iberian Soul,Iberian Soul,KXCS2GAME
Imperial,Imperial,KXCS2GAME
Infinite,Infinite,KXCS2GAME
Iowa Stormboar,Iowa Stormboar,KXCS2GAME
Isurus,Isurus,KXCS2GAME
JiJieHao,JiJieHao,KXCS2GAME
Johnny Speeds,Johnny Speeds,KXCS2GAME
Just_Players,Just_Players,KXCS2GAME
K27,K27,KXCS2GAME
Keyd,Keyd,KXCS2GAME
LAG Gaming,LAG Gaming,KXCS2GAME
Lavked,Lavked,KXCS2GAME
Lazer Cats,Lazer Cats,KXCS2GAME
Legacy,Legacy,KXCS2GAME
Lilmix,Lilmix,KXCS2GAME
Liquid,Liquid,KXCS2GAME
Luminosity,Luminosity,KXCS2GAME
Lynn Vision,Lynn Vision,KXCS2GAME
M80,M80,KXCS2GAME
MANGANESE,MANGANESE,KXCS2GAME
MEIA NOITE,MEIA NOITE,KXCS2GAME
MIBR,MIBR,KXCS2GAME
MOUZ,MOUZ,KXCS2GAME
Marsborne,Marsborne,KXCS2GAME
Metizport,Metizport,KXCS2GAME
NADE,NADE,KXCS2GAME
NIP,NIP,KXCS2GAME
NRG,NRG,KXCS2GAME
Nemiga,Nemiga,KXCS2GAME
Nordic Partners Gaming,Nordic Partners Gaming,KXCS2GAME
Nuclear TigeRES,Nuclear TigeRES,KXCS2GAME
OG,OG,KXCS2GAME
Orion Wanderers,Orion Wanderers,KXCS2GAME
PARIVISION,PARIVISION,KXCS2GAME
Partizan Esport,Partizan Esport,KXCS2GAME
Passion Chicha,Passion Chicha,KXCS2GAME
Phantom,Phantom,KXCS2GAME
Prestige,Prestige,KXCS2GAME
REVENIX,REVENIX,KXCS2GAME
Rebels Gaming,Rebels Gaming,KXCS2GAME
Rune Eaters,Rune Eaters,KXCS2GAME
Rush,Rush,KXCS2GAME
SAW,SAW,KXCS2GAME
SPARTA,SPARTA,KXCS2GAME
STATE,STATE,KXCS2GAME
SadFamous,SadFamous,KXCS2GAME
Sangal,Sangal,KXCS2GAME
Sashi Esport,Sashi Esport,KXCS2GAME
Sharks,Sharks,KXCS2GAME
ShindeN,ShindeN,KXCS2GAME
Sinners,Sinners,KXCS2GAME
Spirit,Spirit,KXCS2GAME
Spirit HU,Spirit HU,KXCS2GAME
SportsBetExpert,SportsBetExpert,KXCS2GAME
TDK,TDK,KXCS2GAME
TYLOO,TYLOO,KXCS2GAME
Team Falcons,Team Falcons,KXCS2GAME
Team Liquid,Team Liquid,KXCS2GAME
Team Nemesis,Team Nemesis,KXCS2GAME
The Last Resort,The Last Resort,KXCS2GAME
The Mongolz,The Mongolz,KXCS2GAME
UNiTY esports,UNiTY esports,KXCS2GAME
Vael,Vael,KXCS2GAME
Vandulken,Vandulken,KXCS2GAME
Virtus.pro,Virtus.pro,KXCS2GAME
Vitality,Vitality,KXCS2GAME
Voca,Voca,KXCS2GAME
WBT,WBT,KXCS2GAME
WW Team,WW Team,KXCS2GAME
Walczaki,Walczaki,KXCS2GAME
Wildcard,Wildcard,KXCS2GAME
XCLAN,XCLAN,KXCS2GAME
Yawara Esports,Yawara Esports,KXCS2GAME
ex-RUBY,ex-RUBY,KXCS2GAME
ex-RUSTEC,ex-RUSTEC,KXCS2GAME
fnatic,fnatic,KXCS2GAME
largadosypelados,largadosypelados,KXCS2GAME
magic,magic,KXCS2GAME
megoshort,megoshort,KXCS2GAME
paiN,paiN,KXCS2GAME
paiN Academy,paiN Academy,KXCS2GAME
regain,regain,KXCS2GAME
zeste,zeste,KXCS2GAME
DRX,DRX,KXVALORANTGAME
Aurora Gaming,Aurora Gaming,KXCS2GAME
BetBoom Team,BetBoom Team,KXCS2GAME
MIBR Female,MIBR GC,KXVALORANTGAME
Ushiras,Ushiras,KXVALORANTGAME
Los Heretics (OLD),Team Heretics Academy,KXLOLGAME
