target_url,capture_buffer_min
https://kalshi.com/markets/kxcs2game/counterstrike-2-game/kxcs2game-26aug270500exrnemi,120
https://kalshi.com/markets/kxcs2game/counterstrike-2-game/kxcs2game-26aug270500icevit,120
https://kalshi.com/markets/kxcs2game/counterstrike-2-game/kxcs2game-26aug2707309zmouz,120
https://kalshi.com/markets/kxcs2game/counterstrike-2-game/kxcs2game-26aug270800spartarun,120
https://kalshi.com/markets/kxcs2game/counterstrike-2-game/kxcs2game-26aug271000futlgc,120
https://kalshi.com/markets/kxcs2game/counterstrike-2-game/kxcs2game-26aug271100xcicol,120
https://kalshi.com/markets/kxcs2game/counterstrike-2-game/kxcs2game-26aug271230lvgfal,120
https://kalshi.com/markets/kxcs2game/counterstrike-2-game/kxcs2game-26aug271400blaforzer,120
https://kalshi.com/markets/kxlolgame/league-of-legends-game/kxlolgame-26aug261600kbm7re,120
https://kalshi.com/markets/kxlolgame/league-of-legends-game/kxlolgame-26aug261700dogcnv,120
https://kalshi.com/markets/kxlolgame/league-of-legends-game/kxlolgame-26aug270400foxns,120
https://kalshi.com/markets/kxlolgame/league-of-legends-game/kxlolgame-26aug270900gsmcvlr,120
https://kalshi.com/markets/kxlolgame/league-of-legends-game/kxlolgame-26aug271000meanbs,120
https://kalshi.com/markets/kxlolgame/league-of-legends-game/kxlolgame-26aug271100diadp,120
https://kalshi.com/markets/kxlolgame/league-of-legends-game/kxlolgame-26aug271100dv1oa,120
https://kalshi.com/markets/kxlolgame/league-of-legends-game/kxlolgame-26aug271100g2nbig,120
https://kalshi.com/markets/kxlolgame/league-of-legends-game/kxlolgame-26aug271200sckcb,120
https://kalshi.com/markets/kxlolgame/league-of-legends-game/kxlolgame-26aug271200thellh,120
https://kalshi.com/markets/kxlolgame/league-of-legends-game/kxlolgame-26aug271200ttseko,120
https://kalshi.com/markets/kxlolgame/league-of-legends-game/kxlolgame-26aug271230bohot,120
https://kalshi.com/markets/kxlolgame/league-of-legends-game/kxlolgame-26aug271300zntmcn,120
https://kalshi.com/markets/kxlolgame/league-of-legends-game/kxlolgame-26aug271330ldsupu,120
https://kalshi.com/markets/kxlolgame/league-of-legends-game/kxlolgame-26aug271400secouat,120
https://kalshi.com/markets/kxlolgame/league-of-legends-game/kxlolgame-26aug271400tungwd,120
https://kalshi.com/markets/kxlolgame/league-of-legends-game/kxlolgame-26aug271700misscont,120
https://kalshi.com/markets/kxvalorantgame/valorant-game-winner/kxvalorantgame-26aug270400nsgeng,120
https://kalshi.com/markets/kxvalorantgame/valorant-game-winner/kxvalorantgame-26aug270700gevar,120
https://kalshi.com/markets/kxvalorantgame/valorant-game-winner/kxvalorantgame-26aug271700furloud,120
https://kalshi.com/markets/kxvalorantgame/valorant-game-winner/kxvalorantgame-26aug272000mibrlev,120
