kalshi_event,kalshi_url,poly_url,poly_title,team_alignments,poly_start_time_et,format,verified
KXCS2GAME-26AUG270500EXRNEMI,https://kalshi.com/markets/kxcs2game/counterstrike-2-game/kxcs2game-26aug270500exrnemi,https://polymarket.com/event/cs2-nemi1-ruby1-2026-08-27,Counter-Strike: Nemiga vs ex-RUBY (BO3) - Moscow Cyber Games European Qualifier Group Stage,Nemiga; ex-RUBY,2026-08-27T05:00:00-04:00,,
KXCS2GAME-26AUG270500ICEVIT,https://kalshi.com/markets/kxcs2game/counterstrike-2-game/kxcs2game-26aug270500icevit,https://polymarket.com/event/cs2-vit-ice-2026-08-27,Counter-Strike: Vitality vs Inner Circle Esports (BO3) - BLAST Open Porto Group B,Vitality; Inner Circle Esports,2026-08-27T05:00:00-04:00,,
KXCS2GAME-26AUG2707309ZMOUZ,https://kalshi.com/markets/kxcs2game/counterstrike-2-game/kxcs2game-26aug2707309zmouz,https://polymarket.com/event/cs2-mouz-9z-2026-08-27,Counter-Strike: MOUZ vs 9z (BO3) - BLAST Open Porto Group B,MOUZ; 9z,2026-08-27T07:30:00-04:00,,
KXCS2GAME-26AUG270800SPARTARUN,https://kalshi.com/markets/kxcs2game/counterstrike-2-game/kxcs2game-26aug270800spartarun,https://polymarket.com/event/cs2-run2-sparta-2026-08-27,Counter-Strike: Rune Eaters vs SPARTA (BO3) - Moscow Cyber Games European Qualifier Group Stage,Rune Eaters; SPARTA,2026-08-27T08:00:00-04:00,,
KXCS2GAME-26AUG271000FUTLGC,https://kalshi.com/markets/kxcs2game/counterstrike-2-game/kxcs2game-26aug271000futlgc,https://polymarket.com/event/cs2-lgc-fut-2026-08-27,Counter-Strike: Legacy vs FUT Esports (BO3) - BLAST Open Porto Group B,Legacy; FUT Esports,2026-08-27T10:00:00-04:00,,
KXCS2GAME-26AUG271100XCICOL,https://kalshi.com/markets/kxcs2game/counterstrike-2-game/kxcs2game-26aug271100xcicol,https://polymarket.com/event/cs2-color-xcity-2026-08-27,Counter-Strike: Color vs X-CITY (BO3) - Moscow Cyber Games European Qualifier Group Stage,Color; X-CITY,2026-08-27T11:00:00-04:00,,
KXCS2GAME-26AUG271230LVGFAL,https://kalshi.com/markets/kxcs2game/counterstrike-2-game/kxcs2game-26aug271230lvgfal,https://polymarket.com/event/cs2-fal2-lvg-2026-08-27,Counter-Strike: Team Falcons vs Lynn Vision (BO3) - BLAST Open Porto Group B,Team Falcons; Lynn Vision,2026-08-27T12:30:00-04:00,,
KXCS2GAME-26AUG271400BLAFORZER,https://kalshi.com/markets/kxcs2game/counterstrike-2-game/kxcs2game-26aug271400blaforzer,https://polymarket.com/event/cs2-forzer-blackp-2026-08-27,Counter-Strike: FORZE Reload vs Black Phoenix (BO3) - Moscow Cyber Games European Qualifier Group Stage,FORZE Reload; Black Phoenix,2026-08-27T14:00:00-04:00,,
KXLOLGAME-26AUG261600KBM7RE,https://kalshi.com/markets/kxlolgame/league-of-legends-game/kxlolgame-26aug261600kbm7re,https://polymarket.com/event/lol-7rex-kbm-2026-08-26,LoL: 7REX vs KaBuM! Ilha das Lendas (BO5) - Circuito Desafiante Playoffs,7REX; KaBuM! Ilha das Lendas,2026-08-26T16:00:00-04:00,,
KXLOLGAME-26AUG261700DOGCNV,https://kalshi.com/markets/kxlolgame/league-of-legends-game/kxlolgame-26aug261700dogcnv,https://polymarket.com/event/lol-cnv-dog-2026-08-26,LoL: Conviction vs Dorado Gaming (BO5) - North American Challengers League Playoffs,Conviction; Dorado Gaming,2026-08-26T17:00:00-04:00,,
KXLOLGAME-26AUG270400FOXNS,https://kalshi.com/markets/kxlolgame/league-of-legends-game/kxlolgame-26aug270400foxns,https://polymarket.com/event/lol-ns-fox1-2026-08-27,LoL: Nongshim Red Force vs BNK FEARX (BO5) - LCK Play-In,Nongshim Red Force; BNK FEARX,2026-08-27T04:00:00-04:00,,
KXLOLGAME-26AUG270900GSMCVLR,https://kalshi.com/markets/kxlolgame/league-of-legends-game/kxlolgame-26aug270900gsmcvlr,https://polymarket.com/event/lol-vlr-gsmc-2026-08-27,LoL: Valerion vs Gamespace Mediterranean College Esports (BO5) - HLL Playoffs,Valerion; Gamespace Mediterranean College Esports,2026-08-27T09:00:00-04:00,,
KXLOLGAME-26AUG271000MEANBS,https://kalshi.com/markets/kxlolgame/league-of-legends-game/kxlolgame-26aug271000meanbs,https://polymarket.com/event/lol-nbs-mea-2026-08-27,LoL: NightBirds vs Meavedron (BO3) - Hitpoint Masters Regular Season,NightBirds; Meavedron,2026-08-27T10:00:00-04:00,,
KXLOLGAME-26AUG271100DIADP,https://kalshi.com/markets/kxlolgame/league-of-legends-game/kxlolgame-26aug271100diadp,https://polymarket.com/event/lol-dia3-dp-2026-08-27,LoL: DIA Ozarox Esports vs Dark Passage (BO5) - TCL Playoffs,DIA Ozarox Esports; Dark Passage,2026-08-27T11:00:00-04:00,,
KXLOLGAME-26AUG271100DV1OA,https://kalshi.com/markets/kxlolgame/league-of-legends-game/kxlolgame-26aug271100dv1oa,https://polymarket.com/event/lol-oa-dv1-2026-08-27,LoL: Orbit Anonymo vs devils.one (BO3) - Rift Legends Regular Season,Orbit Anonymo; devils.one,2026-08-27T11:00:00-04:00,,
KXLOLGAME-26AUG271100G2NBIG,https://kalshi.com/markets/kxlolgame/league-of-legends-game/kxlolgame-26aug271100g2nbig,https://polymarket.com/event/lol-big1-g2nord-2026-08-27,LoL: BIG vs G2 NORD (BO5) - Prime League 1st Division Playoffs,BIG; G2 NORD,2026-08-27T11:00:00-04:00,,
KXLOLGAME-26AUG271200SCKCB,https://kalshi.com/markets/kxlolgame/league-of-legends-game/kxlolgame-26aug271200sckcb,https://polymarket.com/event/lol-kcb-sc-2026-08-27,LoL: Karmine Corp Blue vs Skillcamp Esport (BO5) - LFL Playoffs,Karmine Corp Blue; Skillcamp Esport,2026-08-27T12:00:00-04:00,,
KXLOLGAME-26AUG271200THELLH,https://kalshi.com/markets/kxlolgame/league-of-legends-game/kxlolgame-26aug271200thellh,https://polymarket.com/event/lol-llh-tsc-2026-08-27,LoL: Lenovo Legion Honvéd vs The Secret Club Esport (BO5) - EBL Playoffs,Lenovo Legion Honvéd; The Secret Club Esport,2026-08-27T12:00:00-04:00,,
KXLOLGAME-26AUG271200TTSEKO,https://kalshi.com/markets/kxlolgame/league-of-legends-game/kxlolgame-26aug271200ttseko,https://polymarket.com/event/lol-eko-tts1-2026-08-27,LoL: EKO Esports vs TITANS (BO5) - LIT Playoffs,EKO Esports; TITANS,2026-08-27T12:00:00-04:00,,
KXLOLGAME-26AUG271230BOHOT,https://kalshi.com/markets/kxlolgame/league-of-legends-game/kxlolgame-26aug271230bohot,https://polymarket.com/event/lol-ot-bg2-2026-08-27,LoL: Onion Team vs Bohemian Guardians (BO3) - Hitpoint Masters Regular Season,Onion Team; Bohemian Guardians,2026-08-27T12:30:00-04:00,,
KXLOLGAME-26AUG271300ZNTMCN,https://kalshi.com/markets/kxlolgame/league-of-legends-game/kxlolgame-26aug271300zntmcn,https://polymarket.com/event/lol-mcn-znt-2026-08-27,LoL: mCon esports vs ZennIT (BO3) - Road Of Legends Regular Season,mCon esports; ZennIT,2026-08-27T13:00:00-04:00,,
KXLOLGAME-26AUG271330LDSUPU,https://kalshi.com/markets/kxlolgame/league-of-legends-game/kxlolgame-26aug271330ldsupu,https://polymarket.com/event/lol-up2ume-lds-2026-08-27,LoL: UP2UMEDIA Cebulaki vs Lodis (BO3) - Rift Legends Regular Season,UP2UMEDIA Cebulaki; Lodis,2026-08-27T13:30:00-04:00,,
KXLOLGAME-26AUG271400SECOUAT,https://kalshi.com/markets/kxlolgame/league-of-legends-game/kxlolgame-26aug271400secouat,https://polymarket.com/event/lol-ouat-sec-2026-08-27,LoL: Once Upon A Team vs Senshi Esports Club (BO3) - Road Of Legends Regular Season,Once Upon A Team; Senshi Esports Club,2026-08-27T14:00:00-04:00,,
KXLOLGAME-26AUG271400TUNGWD,https://kalshi.com/markets/kxlolgame/league-of-legends-game/kxlolgame-26aug271400tungwd,https://polymarket.com/event/lol-wd-tung-2026-08-27,LoL: White Dragons vs Tung Tung Bogi (BO5) - LPLOL Playoffs,White Dragons; Tung Tung Bogi,2026-08-27T14:00:00-04:00,,
KXLOLGAME-26AUG271700MISSCONT,https://kalshi.com/markets/kxlolgame/league-of-legends-game/kxlolgame-26aug271700misscont,https://polymarket.com/event/lol-cont-miss-2026-08-27,LoL: Contingent Esports vs University of Mississippi (BO5) - North American Challengers League Playoffs,Contingent Esports; University of Mississippi,2026-08-27T17:00:00-04:00,,
KXVALORANTGAME-26AUG270400NSGENG,https://kalshi.com/markets/kxvalorantgame/valorant-game-winner/kxvalorantgame-26aug270400nsgeng,https://polymarket.com/event/val-geng-ns1-2026-08-27,Valorant: Gen.G Esports vs Nongshim RedForce (BO3) - VCT Pacific Playoffs,Gen.G Esports; Nongshim RedForce,2026-08-27T04:00:00-04:00,,
KXVALORANTGAME-26AUG270700GEVAR,https://kalshi.com/markets/kxvalorantgame/valorant-game-winner/kxvalorantgame-26aug270700gevar,https://polymarket.com/event/val-var-ge1-2026-08-27,Valorant: VARREL vs Global Esports (BO3) - VCT Pacific Playoffs,VARREL; Global Esports,2026-08-27T07:00:00-04:00,,
KXVALORANTGAME-26AUG271700FURLOUD,https://kalshi.com/markets/kxvalorantgame/valorant-game-winner/kxvalorantgame-26aug271700furloud,https://polymarket.com/event/val-loud-fur-2026-08-27,Valorant: LOUD vs FURIA Esports (BO3) - VCT Americas Stage 2 Playoffs,LOUD; FURIA Esports,2026-08-27T17:00:00-04:00,,
KXVALORANTGAME-26AUG272000MIBRLEV,https://kalshi.com/markets/kxvalorantgame/valorant-game-winner/kxvalorantgame-26aug272000mibrlev,https://polymarket.com/event/val-lev1-mibr-2026-08-27,Valorant: Leviatán Esports vs MIBR (BO3) - VCT Americas Stage 2 Playoffs,Leviatán Esports; MIBR,2026-08-27T20:00:00-04:00,,
