config_id,market_prefix,min_distance_from_top_level,min_edge,min_absolute_edge,volumes,tick_step,reprice_buffer,stop_quoting,max_position,skew_start_fraction,skew_max_shift_cents,quote_side,model_name,execution_type,arb_scale_step_cents,max_fire_size,disable_forfeit_check,maker_refill_cooldown_sec,data_source,momentum_lookback_sec,momentum_delta_hedge_min,momentum_edge_floor,momentum_require_hedge_driven,momentum_event_cap_per_dir,momentum_throttle_sec,momentum_volumes,momentum_reducing_cap,skew_full_fraction,series_edge_mult,yes_extra_edge_cents,g3_edge_mult,pregame_taker_block,pregame_block_cents,refire_max_per_window,refire_min_fill_lots,refire_min_depth_lots,fav_edge_k,pregame_position_frac,retreat_cap_cents,retreat_f_cap,retreat_f0,retreat_half_life_sec,retreat_include_takers
SET3_ITF,KXITFMATCH,-1,0,0,1000,1,1.0,False,1000,0,0,both,tennis_dog_windows,quoter,1.0,1000,False,0,kalshi,,,,,,,,,1,1.0,0.0,1.0,false,5,2,10,100,0,0,0,0.02,0.005,300,0
SET3_ITFW,KXITFWMATCH,-1,0,0,1000,1,1.0,False,1000,0,0,both,tennis_dog_windows,quoter,1.0,1000,False,0,kalshi,,,,,,,,,1,1.0,0.0,1.0,false,5,2,10,100,0,0,0,0.02,0.005,300,0
SET1_ATP,KXATPMATCH,-1,0,0,1000,1,1.0,False,1000,0,0,both,tennis_dog_windows,quoter,1.0,1000,False,0,kalshi,,,,,,,,,1,1.0,0.0,1.0,false,5,2,10,100,0,0,0,0.02,0.005,300,0
SET1_WTA,KXWTAMATCH,-1,0,0,1000,1,1.0,False,1000,0,0,both,tennis_dog_windows,quoter,1.0,1000,False,0,kalshi,,,,,,,,,1,1.0,0.0,1.0,false,5,2,10,100,0,0,0,0.02,0.005,300,0
SET1_ATPCH,KXATPCHALLENGERMATCH,-1,0,0,1000,1,1.0,False,1000,0,0,both,tennis_dog_windows,quoter,1.0,1000,False,0,kalshi,,,,,,,,,1,1.0,0.0,1.0,false,5,2,10,100,0,0,0,0.02,0.005,300,0
SET1_WTACH,KXWTACHALLENGERMATCH,-1,0,0,1000,1,1.0,False,1000,0,0,both,tennis_dog_windows,quoter,1.0,1000,False,0,kalshi,,,,,,,,,1,1.0,0.0,1.0,false,5,2,10,100,0,0,0,0.02,0.005,300,0
SET1TAKER_ITF,KXITFMATCH,-1,6,4,5000,1,1.0,False,5000,0,0,both,tennis_dog_windows,set1_taker,1.0,5000,False,0,kalshi,,,,,,,,,1,1.0,0.0,1.0,false,5,2,10,100,0,0,0,0.02,0.005,300,0
SET1TAKER_ITFW,KXITFWMATCH,-1,6,4,5000,1,1.0,False,5000,0,0,both,tennis_dog_windows,set1_taker,1.0,5000,False,0,kalshi,,,,,,,,,1,1.0,0.0,1.0,false,5,2,10,100,0,0,0,0.02,0.005,300,0
BREAKDOG_ITF,KXITFMATCH,-1,6,6,200,1,1.0,False,200,0,0,both,tennis_dog_windows,break_dog_taker,1.0,200,False,0,kalshi,,,,,,,,,1,1.0,0.0,1.0,false,5,2,10,100,0,0,0,0.02,0.005,300,0
BREAKDOG_ITFW,KXITFWMATCH,-1,6,6,200,1,1.0,False,200,0,0,both,tennis_dog_windows,break_dog_taker,1.0,200,False,0,kalshi,,,,,,,,,1,1.0,0.0,1.0,false,5,2,10,100,0,0,0,0.02,0.005,300,0
DBLCAP_ITF,KXITFDOUBLES,-1,99,99,1,1,1.0,False,1,0,0,both,tennis_dog_windows,quoter,1.0,1,False,0,kalshi,,,,,,,,,1,1.0,0.0,1.0,false,5,2,10,100,0,0,0,0.02,0.005,300,0
DBLCAP_ITFW,KXITFWDOUBLES,-1,99,99,1,1,1.0,False,1,0,0,both,tennis_dog_windows,quoter,1.0,1,False,0,kalshi,,,,,,,,,1,1.0,0.0,1.0,false,5,2,10,100,0,0,0,0.02,0.005,300,0
DBLCAP_ATP,KXATPDOUBLES,-1,99,99,1,1,1.0,False,1,0,0,both,tennis_dog_windows,quoter,1.0,1,False,0,kalshi,,,,,,,,,1,1.0,0.0,1.0,false,5,2,10,100,0,0,0,0.02,0.005,300,0
DBLCAP_WTA,KXWTADOUBLES,-1,99,99,1,1,1.0,False,1,0,0,both,tennis_dog_windows,quoter,1.0,1,False,0,kalshi,,,,,,,,,1,1.0,0.0,1.0,false,5,2,10,100,0,0,0,0.02,0.005,300,0
DBLCAP_ATPCH,KXATPCHALLENGERDOUBLES,-1,99,99,1,1,1.0,False,1,0,0,both,tennis_dog_windows,quoter,1.0,1,False,0,kalshi,,,,,,,,,1,1.0,0.0,1.0,false,5,2,10,100,0,0,0,0.02,0.005,300,0
