config_id,ticker,min_distance_from_top_level,min_edge,min_absolute_edge,volumes,tick_step,reprice_buffer,stop_quoting,max_position,skew_start_fraction,skew_max_shift_cents,quote_side,model_name,execution_type,arb_scale_step_cents,max_fire_size,disable_forfeit_check,maker_refill_cooldown_sec,data_source,momentum_lookback_sec,momentum_delta_hedge_min,momentum_edge_floor,momentum_require_hedge_driven,momentum_event_cap_per_dir,momentum_throttle_sec,momentum_volumes,momentum_reducing_cap,skew_full_fraction,series_edge_mult,yes_extra_edge_cents,g3_edge_mult,pregame_taker_block,pregame_block_cents,refire_max_per_window,refire_min_fill_lots,refire_min_depth_lots,fav_edge_k,pregame_position_frac,retreat_cap_cents,retreat_f_cap,retreat_f0,retreat_half_life_sec,retreat_include_takers,capture_buffer_min
SET1_ATPCH,KXATPCHALLENGERMATCH-26SEP27AJDLOP-AJD,-1,0,0,1000,1,1.0,False,1000,0,0,both,tennis_dog_windows,quoter,1.0,1000,False,0,kalshi,,,,,,,,,1,1.0,0.0,1.0,false,5,2,10,100,0,0,0,0.02,0.005,300,0,0
SET1_ATPCH,KXATPCHALLENGERMATCH-26SEP27AJDLOP-LOP,-1,0,0,1000,1,1.0,False,1000,0,0,both,tennis_dog_windows,quoter,1.0,1000,False,0,kalshi,,,,,,,,,1,1.0,0.0,1.0,false,5,2,10,100,0,0,0,0.02,0.005,300,0,0
SET1_ATPCH,KXATPCHALLENGERMATCH-26SEP27BOUREC-BOU,-1,0,0,1000,1,1.0,False,1000,0,0,both,tennis_dog_windows,quoter,1.0,1000,False,0,kalshi,,,,,,,,,1,1.0,0.0,1.0,false,5,2,10,100,0,0,0,0.02,0.005,300,0,0
SET1_ATPCH,KXATPCHALLENGERMATCH-26SEP27BOUREC-REC,-1,0,0,1000,1,1.0,False,1000,0,0,both,tennis_dog_windows,quoter,1.0,1000,False,0,kalshi,,,,,,,,,1,1.0,0.0,1.0,false,5,2,10,100,0,0,0,0.02,0.005,300,0,0
SET1_ATPCH,KXATPCHALLENGERMATCH-26SEP27MISOVC-MIS,-1,0,0,1000,1,1.0,False,1000,0,0,both,tennis_dog_windows,quoter,1.0,1000,False,0,kalshi,,,,,,,,,1,1.0,0.0,1.0,false,5,2,10,100,0,0,0,0.02,0.005,300,0,0
SET1_ATPCH,KXATPCHALLENGERMATCH-26SEP27MISOVC-OVC,-1,0,0,1000,1,1.0,False,1000,0,0,both,tennis_dog_windows,quoter,1.0,1000,False,0,kalshi,,,,,,,,,1,1.0,0.0,1.0,false,5,2,10,100,0,0,0,0.02,0.005,300,0,0
SET1_ATPCH,KXATPCHALLENGERMATCH-26SEP27TRIOET-OET,-1,0,0,1000,1,1.0,False,1000,0,0,both,tennis_dog_windows,quoter,1.0,1000,False,0,kalshi,,,,,,,,,1,1.0,0.0,1.0,false,5,2,10,100,0,0,0,0.02,0.005,300,0,0
SET1_ATPCH,KXATPCHALLENGERMATCH-26SEP27TRIOET-TRI,-1,0,0,1000,1,1.0,False,1000,0,0,both,tennis_dog_windows,quoter,1.0,1000,False,0,kalshi,,,,,,,,,1,1.0,0.0,1.0,false,5,2,10,100,0,0,0,0.02,0.005,300,0,0
SET1_ATPCH,KXATPCHALLENGERMATCH-26SEP27ZAHPOL-POL,-1,0,0,1000,1,1.0,False,1000,0,0,both,tennis_dog_windows,quoter,1.0,1000,False,0,kalshi,,,,,,,,,1,1.0,0.0,1.0,false,5,2,10,100,0,0,0,0.02,0.005,300,0,0
SET1_ATPCH,KXATPCHALLENGERMATCH-26SEP27ZAHPOL-ZAH,-1,0,0,1000,1,1.0,False,1000,0,0,both,tennis_dog_windows,quoter,1.0,1000,False,0,kalshi,,,,,,,,,1,1.0,0.0,1.0,false,5,2,10,100,0,0,0,0.02,0.005,300,0,0
SET1_ATP,KXATPMATCH-26SEP27GASRUB-GAS,-1,0,0,1000,1,1.0,False,1000,0,0,both,tennis_dog_windows,quoter,1.0,1000,False,0,kalshi,,,,,,,,,1,1.0,0.0,1.0,false,5,2,10,100,0,0,0,0.02,0.005,300,0,0
SET1_ATP,KXATPMATCH-26SEP27GASRUB-RUB,-1,0,0,1000,1,1.0,False,1000,0,0,both,tennis_dog_windows,quoter,1.0,1000,False,0,kalshi,,,,,,,,,1,1.0,0.0,1.0,false,5,2,10,100,0,0,0,0.02,0.005,300,0,0
SET3_ITF,KXITFMATCH-26SEP27BAUDOM-BAU,-1,0,0,1000,1,1.0,False,1000,0,0,both,tennis_dog_windows,quoter,1.0,1000,False,0,kalshi,,,,,,,,,1,1.0,0.0,1.0,false,5,2,10,100,0,0,0,0.02,0.005,300,0,0
SET1TAKER_ITF,KXITFMATCH-26SEP27BAUDOM-BAU,-1,6,4,5000,1,1.0,False,5000,0,0,both,tennis_dog_windows,set1_taker,1.0,5000,False,0,kalshi,,,,,,,,,1,1.0,0.0,1.0,false,5,2,10,100,0,0,0,0.02,0.005,300,0,0
BREAKDOG_ITF,KXITFMATCH-26SEP27BAUDOM-BAU,-1,6,6,200,1,1.0,False,200,0,0,both,tennis_dog_windows,break_dog_taker,1.0,200,False,0,kalshi,,,,,,,,,1,1.0,0.0,1.0,false,5,2,10,100,0,0,0,0.02,0.005,300,0,0
SET3_ITF,KXITFMATCH-26SEP27BAUDOM-DOM,-1,0,0,1000,1,1.0,False,1000,0,0,both,tennis_dog_windows,quoter,1.0,1000,False,0,kalshi,,,,,,,,,1,1.0,0.0,1.0,false,5,2,10,100,0,0,0,0.02,0.005,300,0,0
SET1TAKER_ITF,KXITFMATCH-26SEP27BAUDOM-DOM,-1,6,4,5000,1,1.0,False,5000,0,0,both,tennis_dog_windows,set1_taker,1.0,5000,False,0,kalshi,,,,,,,,,1,1.0,0.0,1.0,false,5,2,10,100,0,0,0,0.02,0.005,300,0,0
BREAKDOG_ITF,KXITFMATCH-26SEP27BAUDOM-DOM,-1,6,6,200,1,1.0,False,200,0,0,both,tennis_dog_windows,break_dog_taker,1.0,200,False,0,kalshi,,,,,,,,,1,1.0,0.0,1.0,false,5,2,10,100,0,0,0,0.02,0.005,300,0,0
SET3_ITF,KXITFMATCH-26SEP27SINNOR-NOR,-1,0,0,1000,1,1.0,False,1000,0,0,both,tennis_dog_windows,quoter,1.0,1000,False,0,kalshi,,,,,,,,,1,1.0,0.0,1.0,false,5,2,10,100,0,0,0,0.02,0.005,300,0,0
SET1TAKER_ITF,KXITFMATCH-26SEP27SINNOR-NOR,-1,6,4,5000,1,1.0,False,5000,0,0,both,tennis_dog_windows,set1_taker,1.0,5000,False,0,kalshi,,,,,,,,,1,1.0,0.0,1.0,false,5,2,10,100,0,0,0,0.02,0.005,300,0,0
BREAKDOG_ITF,KXITFMATCH-26SEP27SINNOR-NOR,-1,6,6,200,1,1.0,False,200,0,0,both,tennis_dog_windows,break_dog_taker,1.0,200,False,0,kalshi,,,,,,,,,1,1.0,0.0,1.0,false,5,2,10,100,0,0,0,0.02,0.005,300,0,0
SET3_ITF,KXITFMATCH-26SEP27SINNOR-SIN,-1,0,0,1000,1,1.0,False,1000,0,0,both,tennis_dog_windows,quoter,1.0,1000,False,0,kalshi,,,,,,,,,1,1.0,0.0,1.0,false,5,2,10,100,0,0,0,0.02,0.005,300,0,0
SET1TAKER_ITF,KXITFMATCH-26SEP27SINNOR-SIN,-1,6,4,5000,1,1.0,False,5000,0,0,both,tennis_dog_windows,set1_taker,1.0,5000,False,0,kalshi,,,,,,,,,1,1.0,0.0,1.0,false,5,2,10,100,0,0,0,0.02,0.005,300,0,0
BREAKDOG_ITF,KXITFMATCH-26SEP27SINNOR-SIN,-1,6,6,200,1,1.0,False,200,0,0,both,tennis_dog_windows,break_dog_taker,1.0,200,False,0,kalshi,,,,,,,,,1,1.0,0.0,1.0,false,5,2,10,100,0,0,0,0.02,0.005,300,0,0
SET3_ITF,KXITFMATCH-26SEP27STRSIN-SIN,-1,0,0,1000,1,1.0,False,1000,0,0,both,tennis_dog_windows,quoter,1.0,1000,False,0,kalshi,,,,,,,,,1,1.0,0.0,1.0,false,5,2,10,100,0,0,0,0.02,0.005,300,0,0
SET1TAKER_ITF,KXITFMATCH-26SEP27STRSIN-SIN,-1,6,4,5000,1,1.0,False,5000,0,0,both,tennis_dog_windows,set1_taker,1.0,5000,False,0,kalshi,,,,,,,,,1,1.0,0.0,1.0,false,5,2,10,100,0,0,0,0.02,0.005,300,0,0
BREAKDOG_ITF,KXITFMATCH-26SEP27STRSIN-SIN,-1,6,6,200,1,1.0,False,200,0,0,both,tennis_dog_windows,break_dog_taker,1.0,200,False,0,kalshi,,,,,,,,,1,1.0,0.0,1.0,false,5,2,10,100,0,0,0,0.02,0.005,300,0,0
SET3_ITF,KXITFMATCH-26SEP27STRSIN-STR,-1,0,0,1000,1,1.0,False,1000,0,0,both,tennis_dog_windows,quoter,1.0,1000,False,0,kalshi,,,,,,,,,1,1.0,0.0,1.0,false,5,2,10,100,0,0,0,0.02,0.005,300,0,0
SET1TAKER_ITF,KXITFMATCH-26SEP27STRSIN-STR,-1,6,4,5000,1,1.0,False,5000,0,0,both,tennis_dog_windows,set1_taker,1.0,5000,False,0,kalshi,,,,,,,,,1,1.0,0.0,1.0,false,5,2,10,100,0,0,0,0.02,0.005,300,0,0
BREAKDOG_ITF,KXITFMATCH-26SEP27STRSIN-STR,-1,6,6,200,1,1.0,False,200,0,0,both,tennis_dog_windows,break_dog_taker,1.0,200,False,0,kalshi,,,,,,,,,1,1.0,0.0,1.0,false,5,2,10,100,0,0,0,0.02,0.005,300,0,0
SET3_ITFW,KXITFWMATCH-26SEP26WANKUB-KUB,-1,0,0,1000,1,1.0,False,1000,0,0,both,tennis_dog_windows,quoter,1.0,1000,False,0,kalshi,,,,,,,,,1,1.0,0.0,1.0,false,5,2,10,100,0,0,0,0.02,0.005,300,0,0
SET1TAKER_ITFW,KXITFWMATCH-26SEP26WANKUB-KUB,-1,6,4,5000,1,1.0,False,5000,0,0,both,tennis_dog_windows,set1_taker,1.0,5000,False,0,kalshi,,,,,,,,,1,1.0,0.0,1.0,false,5,2,10,100,0,0,0,0.02,0.005,300,0,0
BREAKDOG_ITFW,KXITFWMATCH-26SEP26WANKUB-KUB,-1,6,6,200,1,1.0,False,200,0,0,both,tennis_dog_windows,break_dog_taker,1.0,200,False,0,kalshi,,,,,,,,,1,1.0,0.0,1.0,false,5,2,10,100,0,0,0,0.02,0.005,300,0,0
SET3_ITFW,KXITFWMATCH-26SEP26WANKUB-WAN,-1,0,0,1000,1,1.0,False,1000,0,0,both,tennis_dog_windows,quoter,1.0,1000,False,0,kalshi,,,,,,,,,1,1.0,0.0,1.0,false,5,2,10,100,0,0,0,0.02,0.005,300,0,0
SET1TAKER_ITFW,KXITFWMATCH-26SEP26WANKUB-WAN,-1,6,4,5000,1,1.0,False,5000,0,0,both,tennis_dog_windows,set1_taker,1.0,5000,False,0,kalshi,,,,,,,,,1,1.0,0.0,1.0,false,5,2,10,100,0,0,0,0.02,0.005,300,0,0
BREAKDOG_ITFW,KXITFWMATCH-26SEP26WANKUB-WAN,-1,6,6,200,1,1.0,False,200,0,0,both,tennis_dog_windows,break_dog_taker,1.0,200,False,0,kalshi,,,,,,,,,1,1.0,0.0,1.0,false,5,2,10,100,0,0,0,0.02,0.005,300,0,0
SET3_ITFW,KXITFWMATCH-26SEP27ARIGIB-ARI,-1,0,0,1000,1,1.0,False,1000,0,0,both,tennis_dog_windows,quoter,1.0,1000,False,0,kalshi,,,,,,,,,1,1.0,0.0,1.0,false,5,2,10,100,0,0,0,0.02,0.005,300,0,0
SET1TAKER_ITFW,KXITFWMATCH-26SEP27ARIGIB-ARI,-1,6,4,5000,1,1.0,False,5000,0,0,both,tennis_dog_windows,set1_taker,1.0,5000,False,0,kalshi,,,,,,,,,1,1.0,0.0,1.0,false,5,2,10,100,0,0,0,0.02,0.005,300,0,0
BREAKDOG_ITFW,KXITFWMATCH-26SEP27ARIGIB-ARI,-1,6,6,200,1,1.0,False,200,0,0,both,tennis_dog_windows,break_dog_taker,1.0,200,False,0,kalshi,,,,,,,,,1,1.0,0.0,1.0,false,5,2,10,100,0,0,0,0.02,0.005,300,0,0
SET3_ITFW,KXITFWMATCH-26SEP27ARIGIB-GIB,-1,0,0,1000,1,1.0,False,1000,0,0,both,tennis_dog_windows,quoter,1.0,1000,False,0,kalshi,,,,,,,,,1,1.0,0.0,1.0,false,5,2,10,100,0,0,0,0.02,0.005,300,0,0
SET1TAKER_ITFW,KXITFWMATCH-26SEP27ARIGIB-GIB,-1,6,4,5000,1,1.0,False,5000,0,0,both,tennis_dog_windows,set1_taker,1.0,5000,False,0,kalshi,,,,,,,,,1,1.0,0.0,1.0,false,5,2,10,100,0,0,0,0.02,0.005,300,0,0
BREAKDOG_ITFW,KXITFWMATCH-26SEP27ARIGIB-GIB,-1,6,6,200,1,1.0,False,200,0,0,both,tennis_dog_windows,break_dog_taker,1.0,200,False,0,kalshi,,,,,,,,,1,1.0,0.0,1.0,false,5,2,10,100,0,0,0,0.02,0.005,300,0,0
SET3_ITFW,KXITFWMATCH-26SEP27BREPOP-BRE,-1,0,0,1000,1,1.0,False,1000,0,0,both,tennis_dog_windows,quoter,1.0,1000,False,0,kalshi,,,,,,,,,1,1.0,0.0,1.0,false,5,2,10,100,0,0,0,0.02,0.005,300,0,0
SET1TAKER_ITFW,KXITFWMATCH-26SEP27BREPOP-BRE,-1,6,4,5000,1,1.0,False,5000,0,0,both,tennis_dog_windows,set1_taker,1.0,5000,False,0,kalshi,,,,,,,,,1,1.0,0.0,1.0,false,5,2,10,100,0,0,0,0.02,0.005,300,0,0
BREAKDOG_ITFW,KXITFWMATCH-26SEP27BREPOP-BRE,-1,6,6,200,1,1.0,False,200,0,0,both,tennis_dog_windows,break_dog_taker,1.0,200,False,0,kalshi,,,,,,,,,1,1.0,0.0,1.0,false,5,2,10,100,0,0,0,0.02,0.005,300,0,0
SET3_ITFW,KXITFWMATCH-26SEP27BREPOP-POP,-1,0,0,1000,1,1.0,False,1000,0,0,both,tennis_dog_windows,quoter,1.0,1000,False,0,kalshi,,,,,,,,,1,1.0,0.0,1.0,false,5,2,10,100,0,0,0,0.02,0.005,300,0,0
SET1TAKER_ITFW,KXITFWMATCH-26SEP27BREPOP-POP,-1,6,4,5000,1,1.0,False,5000,0,0,both,tennis_dog_windows,set1_taker,1.0,5000,False,0,kalshi,,,,,,,,,1,1.0,0.0,1.0,false,5,2,10,100,0,0,0,0.02,0.005,300,0,0
BREAKDOG_ITFW,KXITFWMATCH-26SEP27BREPOP-POP,-1,6,6,200,1,1.0,False,200,0,0,both,tennis_dog_windows,break_dog_taker,1.0,200,False,0,kalshi,,,,,,,,,1,1.0,0.0,1.0,false,5,2,10,100,0,0,0,0.02,0.005,300,0,0
SET3_ITFW,KXITFWMATCH-26SEP27LLILIU-LIU,-1,0,0,1000,1,1.0,False,1000,0,0,both,tennis_dog_windows,quoter,1.0,1000,False,0,kalshi,,,,,,,,,1,1.0,0.0,1.0,false,5,2,10,100,0,0,0,0.02,0.005,300,0,0
SET1TAKER_ITFW,KXITFWMATCH-26SEP27LLILIU-LIU,-1,6,4,5000,1,1.0,False,5000,0,0,both,tennis_dog_windows,set1_taker,1.0,5000,False,0,kalshi,,,,,,,,,1,1.0,0.0,1.0,false,5,2,10,100,0,0,0,0.02,0.005,300,0,0
BREAKDOG_ITFW,KXITFWMATCH-26SEP27LLILIU-LIU,-1,6,6,200,1,1.0,False,200,0,0,both,tennis_dog_windows,break_dog_taker,1.0,200,False,0,kalshi,,,,,,,,,1,1.0,0.0,1.0,false,5,2,10,100,0,0,0,0.02,0.005,300,0,0
SET3_ITFW,KXITFWMATCH-26SEP27LLILIU-LLI,-1,0,0,1000,1,1.0,False,1000,0,0,both,tennis_dog_windows,quoter,1.0,1000,False,0,kalshi,,,,,,,,,1,1.0,0.0,1.0,false,5,2,10,100,0,0,0,0.02,0.005,300,0,0
SET1TAKER_ITFW,KXITFWMATCH-26SEP27LLILIU-LLI,-1,6,4,5000,1,1.0,False,5000,0,0,both,tennis_dog_windows,set1_taker,1.0,5000,False,0,kalshi,,,,,,,,,1,1.0,0.0,1.0,false,5,2,10,100,0,0,0,0.02,0.005,300,0,0
BREAKDOG_ITFW,KXITFWMATCH-26SEP27LLILIU-LLI,-1,6,6,200,1,1.0,False,200,0,0,both,tennis_dog_windows,break_dog_taker,1.0,200,False,0,kalshi,,,,,,,,,1,1.0,0.0,1.0,false,5,2,10,100,0,0,0,0.02,0.005,300,0,0
SET3_ITFW,KXITFWMATCH-26SEP27LOPPAS-LOP,-1,0,0,1000,1,1.0,False,1000,0,0,both,tennis_dog_windows,quoter,1.0,1000,False,0,kalshi,,,,,,,,,1,1.0,0.0,1.0,false,5,2,10,100,0,0,0,0.02,0.005,300,0,0
SET1TAKER_ITFW,KXITFWMATCH-26SEP27LOPPAS-LOP,-1,6,4,5000,1,1.0,False,5000,0,0,both,tennis_dog_windows,set1_taker,1.0,5000,False,0,kalshi,,,,,,,,,1,1.0,0.0,1.0,false,5,2,10,100,0,0,0,0.02,0.005,300,0,0
BREAKDOG_ITFW,KXITFWMATCH-26SEP27LOPPAS-LOP,-1,6,6,200,1,1.0,False,200,0,0,both,tennis_dog_windows,break_dog_taker,1.0,200,False,0,kalshi,,,,,,,,,1,1.0,0.0,1.0,false,5,2,10,100,0,0,0,0.02,0.005,300,0,0
SET3_ITFW,KXITFWMATCH-26SEP27LOPPAS-PAS,-1,0,0,1000,1,1.0,False,1000,0,0,both,tennis_dog_windows,quoter,1.0,1000,False,0,kalshi,,,,,,,,,1,1.0,0.0,1.0,false,5,2,10,100,0,0,0,0.02,0.005,300,0,0
SET1TAKER_ITFW,KXITFWMATCH-26SEP27LOPPAS-PAS,-1,6,4,5000,1,1.0,False,5000,0,0,both,tennis_dog_windows,set1_taker,1.0,5000,False,0,kalshi,,,,,,,,,1,1.0,0.0,1.0,false,5,2,10,100,0,0,0,0.02,0.005,300,0,0
BREAKDOG_ITFW,KXITFWMATCH-26SEP27LOPPAS-PAS,-1,6,6,200,1,1.0,False,200,0,0,both,tennis_dog_windows,break_dog_taker,1.0,200,False,0,kalshi,,,,,,,,,1,1.0,0.0,1.0,false,5,2,10,100,0,0,0,0.02,0.005,300,0,0
SET3_ITFW,KXITFWMATCH-26SEP27OKTKOV-KOV,-1,0,0,1000,1,1.0,False,1000,0,0,both,tennis_dog_windows,quoter,1.0,1000,False,0,kalshi,,,,,,,,,1,1.0,0.0,1.0,false,5,2,10,100,0,0,0,0.02,0.005,300,0,0
SET1TAKER_ITFW,KXITFWMATCH-26SEP27OKTKOV-KOV,-1,6,4,5000,1,1.0,False,5000,0,0,both,tennis_dog_windows,set1_taker,1.0,5000,False,0,kalshi,,,,,,,,,1,1.0,0.0,1.0,false,5,2,10,100,0,0,0,0.02,0.005,300,0,0
BREAKDOG_ITFW,KXITFWMATCH-26SEP27OKTKOV-KOV,-1,6,6,200,1,1.0,False,200,0,0,both,tennis_dog_windows,break_dog_taker,1.0,200,False,0,kalshi,,,,,,,,,1,1.0,0.0,1.0,false,5,2,10,100,0,0,0,0.02,0.005,300,0,0
SET3_ITFW,KXITFWMATCH-26SEP27OKTKOV-OKT,-1,0,0,1000,1,1.0,False,1000,0,0,both,tennis_dog_windows,quoter,1.0,1000,False,0,kalshi,,,,,,,,,1,1.0,0.0,1.0,false,5,2,10,100,0,0,0,0.02,0.005,300,0,0
SET1TAKER_ITFW,KXITFWMATCH-26SEP27OKTKOV-OKT,-1,6,4,5000,1,1.0,False,5000,0,0,both,tennis_dog_windows,set1_taker,1.0,5000,False,0,kalshi,,,,,,,,,1,1.0,0.0,1.0,false,5,2,10,100,0,0,0,0.02,0.005,300,0,0
BREAKDOG_ITFW,KXITFWMATCH-26SEP27OKTKOV-OKT,-1,6,6,200,1,1.0,False,200,0,0,both,tennis_dog_windows,break_dog_taker,1.0,200,False,0,kalshi,,,,,,,,,1,1.0,0.0,1.0,false,5,2,10,100,0,0,0,0.02,0.005,300,0,0
SET3_ITFW,KXITFWMATCH-26SEP27YANMIN-MIN,-1,0,0,1000,1,1.0,False,1000,0,0,both,tennis_dog_windows,quoter,1.0,1000,False,0,kalshi,,,,,,,,,1,1.0,0.0,1.0,false,5,2,10,100,0,0,0,0.02,0.005,300,0,0
SET1TAKER_ITFW,KXITFWMATCH-26SEP27YANMIN-MIN,-1,6,4,5000,1,1.0,False,5000,0,0,both,tennis_dog_windows,set1_taker,1.0,5000,False,0,kalshi,,,,,,,,,1,1.0,0.0,1.0,false,5,2,10,100,0,0,0,0.02,0.005,300,0,0
BREAKDOG_ITFW,KXITFWMATCH-26SEP27YANMIN-MIN,-1,6,6,200,1,1.0,False,200,0,0,both,tennis_dog_windows,break_dog_taker,1.0,200,False,0,kalshi,,,,,,,,,1,1.0,0.0,1.0,false,5,2,10,100,0,0,0,0.02,0.005,300,0,0
SET3_ITFW,KXITFWMATCH-26SEP27YANMIN-YAN,-1,0,0,1000,1,1.0,False,1000,0,0,both,tennis_dog_windows,quoter,1.0,1000,False,0,kalshi,,,,,,,,,1,1.0,0.0,1.0,false,5,2,10,100,0,0,0,0.02,0.005,300,0,0
SET1TAKER_ITFW,KXITFWMATCH-26SEP27YANMIN-YAN,-1,6,4,5000,1,1.0,False,5000,0,0,both,tennis_dog_windows,set1_taker,1.0,5000,False,0,kalshi,,,,,,,,,1,1.0,0.0,1.0,false,5,2,10,100,0,0,0,0.02,0.005,300,0,0
BREAKDOG_ITFW,KXITFWMATCH-26SEP27YANMIN-YAN,-1,6,6,200,1,1.0,False,200,0,0,both,tennis_dog_windows,break_dog_taker,1.0,200,False,0,kalshi,,,,,,,,,1,1.0,0.0,1.0,false,5,2,10,100,0,0,0,0.02,0.005,300,0,0
