config_id,ticker,min_distance_from_top_level,min_edge,min_absolute_edge,volumes,tick_step,reprice_buffer,stop_quoting,max_position,skew_start_fraction,skew_max_shift_cents,quote_side,model_name,execution_type,arb_scale_step_cents,max_fire_size,disable_forfeit_check,maker_refill_cooldown_sec,data_source,momentum_lookback_sec,momentum_delta_hedge_min,momentum_edge_floor,momentum_require_hedge_driven,momentum_event_cap_per_dir,momentum_throttle_sec,momentum_volumes,momentum_reducing_cap,skew_full_fraction,series_edge_mult,yes_extra_edge_cents,g3_edge_mult,pregame_taker_block,pregame_block_cents,refire_max_per_window,refire_min_fill_lots,refire_min_depth_lots,fav_edge_k,pregame_position_frac,retreat_cap_cents,retreat_f_cap,retreat_f0,retreat_half_life_sec,retreat_include_takers,capture_buffer_min
TENNIS_ATP,KXATPMATCH-26AUG26ROCHAR-HAR,0,2.0,2.0,10,1,1.0,False,200,0,5,both,tennis_branch,quoter,1.0,10,False,0,kalshi,,,,,,,,,1,1.0,0.0,1.0,false,5,2,10,100,0,0,5,0.25,0.10,300,0,0
TENNIS_ATP,KXATPMATCH-26AUG26ROCHAR-ROC,0,2.0,2.0,10,1,1.0,False,200,0,5,both,tennis_branch,quoter,1.0,10,False,0,kalshi,,,,,,,,,1,1.0,0.0,1.0,false,5,2,10,100,0,0,5,0.25,0.10,300,0,0
TENNIS_ATP,KXATPMATCH-26AUG26SACLLA-LLA,0,2.0,2.0,10,1,1.0,False,200,0,5,both,tennis_branch,quoter,1.0,10,False,0,kalshi,,,,,,,,,1,1.0,0.0,1.0,false,5,2,10,100,0,0,5,0.25,0.10,300,0,0
TENNIS_ATP,KXATPMATCH-26AUG26SACLLA-SAC,0,2.0,2.0,10,1,1.0,False,200,0,5,both,tennis_branch,quoter,1.0,10,False,0,kalshi,,,,,,,,,1,1.0,0.0,1.0,false,5,2,10,100,0,0,5,0.25,0.10,300,0,0
TENNIS_ATP,KXATPMATCH-26AUG26KOVTSI-KOV,0,2.0,2.0,10,1,1.0,False,200,0,5,both,tennis_branch,quoter,1.0,10,False,0,kalshi,,,,,,,,,1,1.0,0.0,1.0,false,5,2,10,100,0,0,5,0.25,0.10,300,0,0
TENNIS_ATP,KXATPMATCH-26AUG26KOVTSI-TSI,0,2.0,2.0,10,1,1.0,False,200,0,5,both,tennis_branch,quoter,1.0,10,False,0,kalshi,,,,,,,,,1,1.0,0.0,1.0,false,5,2,10,100,0,0,5,0.25,0.10,300,0,0
TENNIS_ATP,KXATPMATCH-26AUG26KYMSMI-KYM,0,2.0,2.0,10,1,1.0,False,200,0,5,both,tennis_branch,quoter,1.0,10,False,0,kalshi,,,,,,,,,1,1.0,0.0,1.0,false,5,2,10,100,0,0,5,0.25,0.10,300,0,0
TENNIS_ATP,KXATPMATCH-26AUG26KYMSMI-SMI,0,2.0,2.0,10,1,1.0,False,200,0,5,both,tennis_branch,quoter,1.0,10,False,0,kalshi,,,,,,,,,1,1.0,0.0,1.0,false,5,2,10,100,0,0,5,0.25,0.10,300,0,0
TENNIS_ATP,KXATPMATCH-26AUG26CINDEL-CIN,0,2.0,2.0,10,1,1.0,False,200,0,5,both,tennis_branch,quoter,1.0,10,False,0,kalshi,,,,,,,,,1,1.0,0.0,1.0,false,5,2,10,100,0,0,5,0.25,0.10,300,0,0
TENNIS_ATP,KXATPMATCH-26AUG26CINDEL-DEL,0,2.0,2.0,10,1,1.0,False,200,0,5,both,tennis_branch,quoter,1.0,10,False,0,kalshi,,,,,,,,,1,1.0,0.0,1.0,false,5,2,10,100,0,0,5,0.25,0.10,300,0,0
TENNIS_ATP,KXATPMATCH-26AUG26SCHHON-HON,0,2.0,2.0,10,1,1.0,False,200,0,5,both,tennis_branch,quoter,1.0,10,False,0,kalshi,,,,,,,,,1,1.0,0.0,1.0,false,5,2,10,100,0,0,5,0.25,0.10,300,0,0
TENNIS_ATP,KXATPMATCH-26AUG26SCHHON-SCH,0,2.0,2.0,10,1,1.0,False,200,0,5,both,tennis_branch,quoter,1.0,10,False,0,kalshi,,,,,,,,,1,1.0,0.0,1.0,false,5,2,10,100,0,0,5,0.25,0.10,300,0,0
TENNIS_ATP,KXATPMATCH-26AUG26SONDUC-DUC,0,2.0,2.0,10,1,1.0,False,200,0,5,both,tennis_branch,quoter,1.0,10,False,0,kalshi,,,,,,,,,1,1.0,0.0,1.0,false,5,2,10,100,0,0,5,0.25,0.10,300,0,0
TENNIS_ATP,KXATPMATCH-26AUG26SONDUC-SON,0,2.0,2.0,10,1,1.0,False,200,0,5,both,tennis_branch,quoter,1.0,10,False,0,kalshi,,,,,,,,,1,1.0,0.0,1.0,false,5,2,10,100,0,0,5,0.25,0.10,300,0,0
TENNIS_WTA,KXWTAMATCH-26AUG25VALSAS-SAS,0,2.0,2.0,10,1,1.0,False,200,0,5,both,tennis_branch,quoter,1.0,10,False,0,kalshi,,,,,,,,,1,1.0,0.0,1.0,false,5,2,10,100,0,0,5,0.25,0.10,300,0,0
TENNIS_WTA,KXWTAMATCH-26AUG25VALSAS-VAL,0,2.0,2.0,10,1,1.0,False,200,0,5,both,tennis_branch,quoter,1.0,10,False,0,kalshi,,,,,,,,,1,1.0,0.0,1.0,false,5,2,10,100,0,0,5,0.25,0.10,300,0,0
TENNIS_WTA,KXWTAMATCH-26AUG26UDVMER-MER,0,2.0,2.0,10,1,1.0,False,200,0,5,both,tennis_branch,quoter,1.0,10,False,0,kalshi,,,,,,,,,1,1.0,0.0,1.0,false,5,2,10,100,0,0,5,0.25,0.10,300,0,0
TENNIS_WTA,KXWTAMATCH-26AUG26UDVMER-UDV,0,2.0,2.0,10,1,1.0,False,200,0,5,both,tennis_branch,quoter,1.0,10,False,0,kalshi,,,,,,,,,1,1.0,0.0,1.0,false,5,2,10,100,0,0,5,0.25,0.10,300,0,0
TENNIS_WTA,KXWTAMATCH-26AUG26HONGAR-GAR,0,2.0,2.0,10,1,1.0,False,200,0,5,both,tennis_branch,quoter,1.0,10,False,0,kalshi,,,,,,,,,1,1.0,0.0,1.0,false,5,2,10,100,0,0,5,0.25,0.10,300,0,0
TENNIS_WTA,KXWTAMATCH-26AUG26HONGAR-HON,0,2.0,2.0,10,1,1.0,False,200,0,5,both,tennis_branch,quoter,1.0,10,False,0,kalshi,,,,,,,,,1,1.0,0.0,1.0,false,5,2,10,100,0,0,5,0.25,0.10,300,0,0
TENNIS_WTA,KXWTAMATCH-26AUG26LIURAD-LIU,0,2.0,2.0,10,1,1.0,False,200,0,5,both,tennis_branch,quoter,1.0,10,False,0,kalshi,,,,,,,,,1,1.0,0.0,1.0,false,5,2,10,100,0,0,5,0.25,0.10,300,0,0
TENNIS_WTA,KXWTAMATCH-26AUG26LIURAD-RAD,0,2.0,2.0,10,1,1.0,False,200,0,5,both,tennis_branch,quoter,1.0,10,False,0,kalshi,,,,,,,,,1,1.0,0.0,1.0,false,5,2,10,100,0,0,5,0.25,0.10,300,0,0
TENNIS_WTA,KXWTAMATCH-26AUG26KALCOS-COS,0,2.0,2.0,10,1,1.0,False,200,0,5,both,tennis_branch,quoter,1.0,10,False,0,kalshi,,,,,,,,,1,1.0,0.0,1.0,false,5,2,10,100,0,0,5,0.25,0.10,300,0,0
TENNIS_WTA,KXWTAMATCH-26AUG26KALCOS-KAL,0,2.0,2.0,10,1,1.0,False,200,0,5,both,tennis_branch,quoter,1.0,10,False,0,kalshi,,,,,,,,,1,1.0,0.0,1.0,false,5,2,10,100,0,0,5,0.25,0.10,300,0,0
TENNIS_WTA,KXWTAMATCH-26AUG26SEMSHU-SEM,0,2.0,2.0,10,1,1.0,False,200,0,5,both,tennis_branch,quoter,1.0,10,False,0,kalshi,,,,,,,,,1,1.0,0.0,1.0,false,5,2,10,100,0,0,5,0.25,0.10,300,0,0
TENNIS_WTA,KXWTAMATCH-26AUG26SEMSHU-SHU,0,2.0,2.0,10,1,1.0,False,200,0,5,both,tennis_branch,quoter,1.0,10,False,0,kalshi,,,,,,,,,1,1.0,0.0,1.0,false,5,2,10,100,0,0,5,0.25,0.10,300,0,0
TENNIS_WTA,KXWTAMATCH-26AUG26YEOHUN-HUN,0,2.0,2.0,10,1,1.0,False,200,0,5,both,tennis_branch,quoter,1.0,10,False,0,kalshi,,,,,,,,,1,1.0,0.0,1.0,false,5,2,10,100,0,0,5,0.25,0.10,300,0,0
TENNIS_WTA,KXWTAMATCH-26AUG26YEOHUN-YEO,0,2.0,2.0,10,1,1.0,False,200,0,5,both,tennis_branch,quoter,1.0,10,False,0,kalshi,,,,,,,,,1,1.0,0.0,1.0,false,5,2,10,100,0,0,5,0.25,0.10,300,0,0
TENNIS_WTACH,KXWTACHALLENGERMATCH-26AUG26SELJAU-JAU,0,2.0,2.0,10,1,1.0,False,200,0,5,both,tennis_branch,quoter,1.0,10,False,0,kalshi,,,,,,,,,1,1.0,0.0,1.0,false,5,2,10,100,0,0,5,0.25,0.10,300,0,0
TENNIS_WTACH,KXWTACHALLENGERMATCH-26AUG26SELJAU-SEL,0,2.0,2.0,10,1,1.0,False,200,0,5,both,tennis_branch,quoter,1.0,10,False,0,kalshi,,,,,,,,,1,1.0,0.0,1.0,false,5,2,10,100,0,0,5,0.25,0.10,300,0,0
