trade_id,created_ts,ticker,action,count,price,order_id,raw_theo,adjusted_theo,edge_cents,cash_edge,side,is_taker,fee_cost,trigger_type,is_full_fill,settlement_pnl
0721426d-2051-8758-0849-65a4f18fee5c,1787792127,KXATPMATCH-26AUG26CINDEL-CIN,sell,10.00,0.8,01a040b6-f030-7d1e-9544-875b130d12e4,77.79,77.79,2.21,0.221,yes,False,0.028000,,True,
0721426a-c9d9-9904-17a3-5c9ed90a78d8,1787792134,KXATPMATCH-26AUG26CINDEL-DEL,buy,10.00,0.19,01a040b6-f418-7f6e-a674-0df23764a494,22.21,22.21,3.21,0.321,yes,False,0.027000,,True,
0721426a-1db9-bcc8-2867-105e68d2d137,1787792145,KXWTAMATCH-26AUG26LIURAD-RAD,buy,10.00,0.29,01a040b6-f418-701e-9faf-47f41212c88f,31.13,31.13,2.13,0.213,yes,False,0.036100,,True,
0721426a-22e9-96cf-6cd2-c182386b3e7f,1787792148,KXWTAMATCH-26AUG26LIURAD-RAD,buy,10.00,0.28,01a040b7-3a68-7d4d-9890-00b3bdb59883,31.13,31.13,3.13,0.313,yes,False,0.035300,,True,
0721426a-c541-9ad1-bb61-18b730d1ed0b,1787792161,KXWTAMATCH-26AUG26KALCOS-KAL,sell,10.00,0.81,01a040b7-26e0-763b-a5fc-213f0588e1c7,78.45,78.45,2.55,0.255,yes,False,0.027000,,True,
07214268-9091-b577-c720-1e6f7d507b27,1787792169,KXATPMATCH-26AUG26SCHHON-SCH,buy,10.00,0.83,01a040b6-f030-7f6d-b7fa-061a96aa782b,85.25,85.25,2.25,0.225,yes,False,0.024700,,True,
07214268-9091-93ff-b5b7-d8460b22ad59,1787792169,KXATPMATCH-26AUG26SCHHON-HON,sell,10.00,0.17,01a040b6-f030-7c41-b2f0-dd7d4461da19,14.75,14.75,2.25,0.225,yes,False,0.024700,,True,
07214268-4859-bb31-0971-0e5e9eaff173,1787792193,KXWTAMATCH-26AUG26KALCOS-KAL,sell,10.00,0.85,01a040b7-9ff8-707b-b1ec-8f6ff1630707,82.87,82.87,2.13,0.213,yes,False,0.022400,,True,
0721425b-22c1-bdff-cd62-77fdbcaafacc,1787792247,KXATPMATCH-26AUG26SACLLA-SAC,sell,10.00,0.44,01a040b8-01a0-7afd-abf8-20801b5c8798,41.74,41.74,2.26,0.226,yes,False,0.043200,,True,
0721425c-f829-8401-127d-a85e1357b830,1787792270,KXWTAMATCH-26AUG26LIURAD-RAD,sell,10.00,0.29,01a040b8-72e8-792f-8745-c96de1b1b2dc,26.54,26.54,2.46,0.246,yes,False,0.036100,,True,
07214252-5a31-ac82-5a7f-05d19479e60c,1787792272,KXATPMATCH-26AUG26DAMMAR-DAM,sell,10.00,0.81,01a040b6-f030-7c94-8985-eb1c484f601c,78.11,78.11,2.89,0.289,yes,False,0.027000,,True,
0721425c-1d21-84ec-ed9e-92090a5e9cb8,1787792280,KXATPMATCH-26AUG26DAMMAR-DAM,sell,10.00,0.83,01a040b9-3a20-7e6a-86b8-cc6b81f4554c,80.79,80.79,2.21,0.221,yes,False,0.024700,,True,
0721425c-1849-9f39-ce23-20ea39e7c453,1787792283,KXWTAMATCH-26AUG26LIURAD-LIU,sell,10.00,0.89,01a040b9-4da8-73d7-9c24-31fdc069c4c7,82.52,82.52,6.48,0.648,yes,False,0.017200,,True,
07214250-7109-95c8-84dc-a20ab56ca931,1787792354,KXWTAMATCH-26AUG25VALSAS-VAL,sell,5.00,0.45,01a040b9-da48-7ede-83ac-a9596cb29bb1,42.91,42.91,2.09,0.1045,yes,False,0.021700,,False,
07214256-e799-88b0-5520-ff8faa9bf388,1787792400,KXWTAMATCH-26AUG25VALSAS-VAL,sell,10.00,0.42,01a040ba-9d98-777a-b7ab-c9ac475b8564,39.57,39.57,2.43,0.243,yes,False,0.042700,,True,
07214245-3021-bc24-ed18-eb74718200c7,1787792600,KXATPMATCH-26AUG26CINDEL-DEL,sell,1.59,0.28,01a040bd-9f20-7db2-b40d-d2b76c4cbfbf,25.67,25.67,2.33,0.0233,yes,False,0.005700,,False,
07214241-67f9-8bf2-46ab-705a7fe55c59,1787792700,KXATPMATCH-26AUG26SACLLA-SAC,sell,10.00,0.46,01a040bf-ae78-7f3c-a3b8-94619edeb445,42.78,42.78,3.22,0.322,yes,False,0.043500,,True,
072143bf-39e9-995d-f0ab-e7520a1b99e0,1787792736,KXATPMATCH-26AUG26CINDEL-DEL,sell,10.00,0.21,01a040bf-c5e8-7dd7-a882-a260c63ac1c8,18.86,18.86,2.14,0.214,yes,False,0.029100,,True,
072143c3-07e1-ad29-8bb9-269e2d4efa96,1787792780,KXWTAMATCH-26AUG26UDVMER-MER,buy,10.00,0.72,01a040c0-ac60-7fab-831a-d54f81fef7ca,74.81,74.81,2.81,0.281,yes,False,0.035300,,True,
072143c4-6e21-ba8d-9ff9-33c03726c583,1787792796,KXATPMATCH-26AUG26SACLLA-LLA,sell,10.00,0.69,01a040c0-cba0-7643-8ce4-61d7bd999d33,66.16,66.16,2.84,0.284,yes,False,0.037500,,True,
072143c5-9869-b9a7-c1d6-baa64c3df94a,1787792797,KXATPMATCH-26AUG26SACLLA-LLA,sell,10.00,0.73,01a040c1-2d48-752d-8c18-6505794e99a2,66.16,66.16,6.84,0.684,yes,False,0.034500,,True,
072143c5-9869-86e4-3520-3f92814a828b,1787792797,KXATPMATCH-26AUG26SACLLA-SAC,buy,10.00,0.27,01a040c1-2d48-7f82-959a-11954e70e6ff,33.84,33.84,6.84,0.684,yes,False,0.034500,,True,
072143c5-e551-a589-e2c9-02f7e951396f,1787792807,KXWTAMATCH-26AUG26SEMSHU-SHU,sell,10.00,0.27,01a040c0-b430-77bb-b29e-1d68b66baf43,24.88,24.88,2.12,0.212,yes,False,0.034500,,True,
072143c5-e551-81d5-3ea9-16a564a2ded4,1787792807,KXWTAMATCH-26AUG26SEMSHU-SEM,buy,10.00,0.73,01a040c0-b430-7f07-8427-613d899d3720,75.12,75.12,2.12,0.212,yes,False,0.034500,,True,
072143c4-b309-920a-3347-ef6d872ff10d,1787792811,KXWTAMATCH-26AUG26UDVMER-UDV,sell,10.00,0.3,01a040c1-3ce8-725c-9456-10127e9fc87d,25.76,25.76,4.24,0.424,yes,False,0.036800,,True,
072143c4-df91-8c82-e8ed-6621956de48a,1787792811,KXWTAMATCH-26AUG26UDVMER-MER,buy,10.00,0.7,01a040c1-5070-7700-b38e-3cd23f504b9a,74.24,74.24,4.24,0.424,yes,False,0.036800,,True,
072143c6-7651-be34-1edc-d844811f24ab,1787792837,KXATPMATCH-26AUG26CINDEL-DEL,sell,10.00,0.21,01a040c1-5070-7fb6-b786-761d2cb591e7,18.86,18.86,2.14,0.214,yes,False,0.029100,,True,
072143c6-7651-8696-e485-03c23b75c289,1787792837,KXATPMATCH-26AUG26CINDEL-CIN,buy,10.00,0.79,01a040c1-5070-7bf4-a45c-99966d47de11,81.14,81.14,2.14,0.214,yes,False,0.029100,,True,
072143c6-9c89-8b4f-065e-335a5b2f1be1,1787792840,KXATPMATCH-26AUG26CINDEL-CIN,buy,10.00,0.76,01a040c1-c988-7d45-af1b-60b9e1fe0079,81.14,81.14,5.14,0.514,yes,False,0.032000,,True,
072143ca-7d11-9d98-841f-e888910b5784,1787792903,KXWTAMATCH-26AUG26UDVMER-MER,sell,10.00,0.77,01a040c1-5070-728a-a5fe-05797bcd8354,74.64,74.64,2.36,0.236,yes,False,0.031000,,True,
