event,ticker,exchange_index,player,bid,ask,mid,tournament,best_of,start
KXATPMATCH-26AUG26PIRGLI,KXATPMATCH-26AUG26PIRGLI-GLI,3,Daniil Glinka,0.51,0.52,0.515,US Open Men Singles,3,2026-08-26T21:00:00Z
KXATPMATCH-26AUG26PIRGLI,KXATPMATCH-26AUG26PIRGLI-PIR,3,Zsombor Piros,0.48,0.49,0.485,US Open Men Singles,3,2026-08-26T21:00:00Z
KXATPMATCH-26AUG26ROCHAR,KXATPMATCH-26AUG26ROCHAR-HAR,3,Lloyd Harris,0.26,0.27,0.265,US Open Men Singles,3,2026-08-26T21:30:00Z
KXATPMATCH-26AUG26ROCHAR,KXATPMATCH-26AUG26ROCHAR-ROC,3,Henrique Rocha,0.72,0.75,0.735,US Open Men Singles,3,2026-08-26T21:30:00Z
KXATPMATCH-26AUG26SACLLA,KXATPMATCH-26AUG26SACLLA-LLA,3,Pablo Llamas Ruiz,0.81,0.82,0.815,US Open Men Singles,3,2026-08-26T22:00:00Z
KXATPMATCH-26AUG26SACLLA,KXATPMATCH-26AUG26SACLLA-SAC,3,Vitaliy Sachko,0.18,0.19,0.185,US Open Men Singles,3,2026-08-26T22:00:00Z
KXATPMATCH-26AUG26KOVTSI,KXATPMATCH-26AUG26KOVTSI-TSI,3,Stefanos Tsitsipas,0.69,0.7,0.695,ATP Winston Salem,3,2026-08-26T22:30:00Z
KXATPMATCH-26AUG26KOVTSI,KXATPMATCH-26AUG26KOVTSI-KOV,3,Aleksandar Kovacevic,0.3,0.31,0.305,ATP Winston Salem,3,2026-08-26T22:30:00Z
KXATPMATCH-26AUG26BUDOCO,KXATPMATCH-26AUG26BUDOCO-BUD,3,Nicolai Budkov Kjaer,0.04,0.05,0.045,US Open Men Singles,3,2026-08-26T20:50:00Z
KXATPMATCH-26AUG26BUDOCO,KXATPMATCH-26AUG26BUDOCO-OCO,3,Christopher O'Connell,0.95,0.96,0.955,US Open Men Singles,3,2026-08-26T20:50:00Z
KXATPMATCH-26AUG26KYMSMI,KXATPMATCH-26AUG26KYMSMI-SMI,3,Colton Smith,0.31,0.32,0.315,US Open Men Singles,3,2026-08-26T22:20:00Z
KXATPMATCH-26AUG26KYMSMI,KXATPMATCH-26AUG26KYMSMI-KYM,3,Jerome Kym,0.68,0.69,0.685,US Open Men Singles,3,2026-08-26T22:20:00Z
KXATPMATCH-26AUG26CINDEL,KXATPMATCH-26AUG26CINDEL-DEL,3,Hugo Dellien,0.19,0.2,0.195,US Open Men Singles,3,2026-08-26T23:30:00Z
KXATPMATCH-26AUG26CINDEL,KXATPMATCH-26AUG26CINDEL-CIN,3,Federico Cina,0.8,0.81,0.805,US Open Men Singles,3,2026-08-26T23:30:00Z
KXATPMATCH-26AUG26DRAJOH,KXATPMATCH-26AUG26DRAJOH-JOH,3,Andrew Johnson,0.13,0.14,0.135,US Open Men Singles,3,2026-08-26T21:45:00Z
KXATPMATCH-26AUG26DRAJOH,KXATPMATCH-26AUG26DRAJOH-DRA,3,Liam Draxl,0.86,0.87,0.865,US Open Men Singles,3,2026-08-26T21:45:00Z
KXATPMATCH-26AUG26SCHHON,KXATPMATCH-26AUG26SCHHON-SCH,3,Tristan Schoolkate,0.66,0.67,0.665,US Open Men Singles,3,2026-08-26T22:10:00Z
KXATPMATCH-26AUG26SCHHON,KXATPMATCH-26AUG26SCHHON-HON,3,Seongchan Hong,0.33,0.34,0.335,US Open Men Singles,3,2026-08-26T22:10:00Z
KXATPMATCH-26AUG26YUNGOJ,KXATPMATCH-26AUG26YUNGOJ-YUN,3,Yunchaokete Bu,0.73,0.74,0.735,US Open Men Singles,3,2026-08-26T21:10:00Z
KXATPMATCH-26AUG26YUNGOJ,KXATPMATCH-26AUG26YUNGOJ-GOJ,3,Borna Gojo,0.26,0.27,0.265,US Open Men Singles,3,2026-08-26T21:10:00Z
KXATPMATCH-26AUG26SONDUC,KXATPMATCH-26AUG26SONDUC-SON,3,Lorenzo Sonego,0.54,0.55,0.545,ATP Winston Salem,3,2026-08-26T22:00:00Z
KXATPMATCH-26AUG26SONDUC,KXATPMATCH-26AUG26SONDUC-DUC,3,James Duckworth,0.45,0.46,0.455,ATP Winston Salem,3,2026-08-26T22:00:00Z
KXATPMATCH-26AUG26DAMMAR,KXATPMATCH-26AUG26DAMMAR-MAR,3,Fabian Marozsan,0.56,0.57,0.565,ATP Winston Salem,3,2026-08-26T23:40:00Z
KXATPMATCH-26AUG26DAMMAR,KXATPMATCH-26AUG26DAMMAR-DAM,3,Martin Damm Jr,0.44,0.45,0.445,ATP Winston Salem,3,2026-08-26T23:40:00Z
KXATPMATCH-26AUG27DOUGUE,KXATPMATCH-26AUG27DOUGUE-GUE,3,Andrea Guerrieri,0.48,0.49,0.485,US Open Men Singles,3,2026-08-27T15:00:00Z
KXATPMATCH-26AUG27DOUGUE,KXATPMATCH-26AUG27DOUGUE-DOU,3,Aziz Dougaz,0.5,0.54,0.52,US Open Men Singles,3,2026-08-27T15:00:00Z
KXATPMATCH-26AUG27FEAROD,KXATPMATCH-26AUG27FEAROD-FEA,3,Jacob Fearnley,0.68,0.7,0.69,US Open Men Singles,3,2026-08-27T15:00:00Z
KXATPMATCH-26AUG27FEAROD,KXATPMATCH-26AUG27FEAROD-ROD,3,Jurij Rodionov,0.27,0.32,0.29500000000000004,US Open Men Singles,3,2026-08-27T15:00:00Z
KXATPMATCH-26AUG27GAUWEN,KXATPMATCH-26AUG27GAUWEN-GAU,3,Vilius Gaubas,0.51,0.54,0.525,US Open Men Singles,3,2026-08-27T15:00:00Z
KXATPMATCH-26AUG27GAUWEN,KXATPMATCH-26AUG27GAUWEN-WEN,3,Harry Wendelken,0.43,0.49,0.45999999999999996,US Open Men Singles,3,2026-08-27T15:00:00Z
KXATPMATCH-26AUG27GEABAS,KXATPMATCH-26AUG27GEABAS-BAS,3,Nishesh Basavareddy,0.18,0.75,0.46499999999999997,US Open Men Singles,3,2026-08-27T15:00:00Z
KXATPMATCH-26AUG27GEABAS,KXATPMATCH-26AUG27GEABAS-GEA,3,Arthur Gea,0.18,0.75,0.46499999999999997,US Open Men Singles,3,2026-08-27T15:00:00Z
KXATPMATCH-26AUG27MOCPAS,KXATPMATCH-26AUG27MOCPAS-PAS,3,Francesco Passaro,0.18,0.74,0.45999999999999996,US Open Men Singles,3,2026-08-27T15:00:00Z
KXATPMATCH-26AUG27MOCPAS,KXATPMATCH-26AUG27MOCPAS-MOC,3,Shintaro Mochizuki,0.18,0.74,0.45999999999999996,US Open Men Singles,3,2026-08-27T15:00:00Z
KXATPMATCH-26AUG27RINBAR,KXATPMATCH-26AUG27RINBAR-BAR,3,Marcelo Tomas Barrios Vera,0.59,0.62,0.605,US Open Men Singles,3,2026-08-27T15:00:00Z
KXATPMATCH-26AUG27RINBAR,KXATPMATCH-26AUG27RINBAR-RIN,3,Daniel Rincon,0.37,0.4,0.385,US Open Men Singles,3,2026-08-27T15:00:00Z
KXATPMATCH-26AUG27SAMGAR,KXATPMATCH-26AUG27SAMGAR-GAR,3,Cristian Garin,0.32,0.36,0.33999999999999997,US Open Men Singles,3,2026-08-27T15:00:00Z
KXATPMATCH-26AUG27SAMGAR,KXATPMATCH-26AUG27SAMGAR-SAM,3,Toby Samuel,0.63,0.67,0.65,US Open Men Singles,3,2026-08-27T15:00:00Z
KXATPMATCH-26AUG27SVRMCD,KXATPMATCH-26AUG27SVRMCD-MCD,3,Mackenzie McDonald,0.4,0.49,0.445,US Open Men Singles,3,2026-08-27T15:00:00Z
KXATPMATCH-26AUG27SVRMCD,KXATPMATCH-26AUG27SVRMCD-SVR,3,Dalibor Svrcina,0.5,0.56,0.53,US Open Men Singles,3,2026-08-27T15:00:00Z
KXATPMATCH-26AUG27VIRDIM,KXATPMATCH-26AUG27VIRDIM-VIR,3,Otto Virtanen,0.24,0.28,0.26,US Open Men Singles,3,2026-08-27T15:00:00Z
KXATPMATCH-26AUG27VIRDIM,KXATPMATCH-26AUG27VIRDIM-DIM,3,Grigor Dimitrov,0.7,0.73,0.715,US Open Men Singles,3,2026-08-27T15:00:00Z
KXATPMATCH-26AUG27WONLAJ,KXATPMATCH-26AUG27WONLAJ-LAJ,3,Dusan Lajovic,0.31,0.36,0.33499999999999996,US Open Men Singles,3,2026-08-27T15:00:00Z
KXATPMATCH-26AUG27WONLAJ,KXATPMATCH-26AUG27WONLAJ-WON,3,Coleman Wong,0.63,0.68,0.655,US Open Men Singles,3,2026-08-27T15:00:00Z
KXATPMATCH-26AUG27BONVAN,KXATPMATCH-26AUG27BONVAN-BON,3,Benjamin Bonzi,0.31,0.36,0.33499999999999996,ATP Winston Salem,3,2026-08-27T18:00:00Z
KXATPMATCH-26AUG27BONVAN,KXATPMATCH-26AUG27BONVAN-VAN,3,Botic Van de Zandschulp,0.65,0.69,0.6699999999999999,ATP Winston Salem,3,2026-08-27T18:00:00Z
KXATPMATCH-26AUG27CERBUS,KXATPMATCH-26AUG27CERBUS-CER,3,Juan Manuel Cerundolo,0.18,0.75,0.46499999999999997,ATP Winston Salem,3,2026-08-27T20:00:00Z
KXATPMATCH-26AUG27CERBUS,KXATPMATCH-26AUG27CERBUS-BUS,3,Ignacio Buse,0.18,0.75,0.46499999999999997,ATP Winston Salem,3,2026-08-27T20:00:00Z
KXWTAMATCH-26AUG25CHWPAR,KXWTAMATCH-26AUG25CHWPAR-CHW,3,Maja Chwalinska,0.62,0.63,0.625,WTA Monterrey,3,2026-08-27T01:30:00Z
KXWTAMATCH-26AUG25CHWPAR,KXWTAMATCH-26AUG25CHWPAR-PAR,3,Alycia Parks,0.37,0.38,0.375,WTA Monterrey,3,2026-08-27T01:30:00Z
KXWTAMATCH-26AUG25VALSAS,KXWTAMATCH-26AUG25VALSAS-VAL,3,Vendula Valdmannova,0.39,0.41,0.4,US Open Women Singles,3,2026-08-26T22:40:00Z
KXWTAMATCH-26AUG25VALSAS,KXWTAMATCH-26AUG25VALSAS-SAS,3,Aliaksandra Sasnovich,0.59,0.61,0.6,US Open Women Singles,3,2026-08-26T22:40:00Z
KXWTAMATCH-26AUG26WATFIT,KXWTAMATCH-26AUG26WATFIT-FIT,3,Angela Fita Boluda,0.22,0.24,0.22999999999999998,US Open Women Singles,3,2026-08-26T20:10:00Z
KXWTAMATCH-26AUG26WATFIT,KXWTAMATCH-26AUG26WATFIT-WAT,3,Heather Watson,0.76,0.78,0.77,US Open Women Singles,3,2026-08-26T20:10:00Z
KXWTAMATCH-26AUG26HIBSIS,KXWTAMATCH-26AUG26HIBSIS-SIS,3,Anna Siskova,,0.01,,US Open Women Singles,3,2026-08-26T21:00:00Z
KXWTAMATCH-26AUG26HIBSIS,KXWTAMATCH-26AUG26HIBSIS-HIB,3,Nao Hibino,0.99,,,US Open Women Singles,3,2026-08-26T21:00:00Z
KXWTAMATCH-26AUG26ZIDMAR,KXWTAMATCH-26AUG26ZIDMAR-ZID,3,Tamara Zidansek,0.92,0.93,0.925,US Open Women Singles,3,2026-08-26T20:45:00Z
KXWTAMATCH-26AUG26ZIDMAR,KXWTAMATCH-26AUG26ZIDMAR-MAR,3,Guiomar Maristany Zuleta de Reales,0.07,0.08,0.07500000000000001,US Open Women Singles,3,2026-08-26T20:45:00Z
KXWTAMATCH-26AUG26ALETAU,KXWTAMATCH-26AUG26ALETAU-TAU,3,Clara Tauson,0.53,0.54,0.535,WTA Monterrey,3,2026-08-27T02:40:00Z
KXWTAMATCH-26AUG26ALETAU,KXWTAMATCH-26AUG26ALETAU-ALE,3,Ekaterina Alexandrova,0.46,0.47,0.46499999999999997,WTA Monterrey,3,2026-08-27T02:40:00Z
KXWTAMATCH-26AUG26BUCVID,KXWTAMATCH-26AUG26BUCVID-BUC,3,Cristina Bucsa,0.25,0.26,0.255,WTA Monterrey,3,2026-08-26T21:30:00Z
KXWTAMATCH-26AUG26BUCVID,KXWTAMATCH-26AUG26BUCVID-VID,3,Darja Vidmanova,0.74,0.75,0.745,WTA Monterrey,3,2026-08-26T21:30:00Z
KXWTAMATCH-26AUG26UDVMER,KXWTAMATCH-26AUG26UDVMER-MER,3,Elise Mertens,0.79,0.8,0.795,WTA Monterrey,3,2026-08-26T22:40:00Z
KXWTAMATCH-26AUG26UDVMER,KXWTAMATCH-26AUG26UDVMER-UDV,3,Panna Udvardy,0.2,0.21,0.20500000000000002,WTA Monterrey,3,2026-08-26T22:40:00Z
KXWTAMATCH-26AUG26HONGAR,KXWTAMATCH-26AUG26HONGAR-HON,3,Priscilla Hon,0.44,0.45,0.445,US Open Women Singles,3,2026-08-26T22:20:00Z
KXWTAMATCH-26AUG26HONGAR,KXWTAMATCH-26AUG26HONGAR-GAR,3,Joanna Garland,0.55,0.56,0.555,US Open Women Singles,3,2026-08-26T22:20:00Z
KXWTAMATCH-26AUG26JONBAR,KXWTAMATCH-26AUG26JONBAR-JON,3,Francesca Jones,0.84,0.85,0.845,US Open Women Singles,3,2026-08-26T21:05:00Z
KXWTAMATCH-26AUG26JONBAR,KXWTAMATCH-26AUG26JONBAR-BAR,3,Mona Barthel,0.15,0.16,0.155,US Open Women Singles,3,2026-08-26T21:05:00Z
KXWTAMATCH-26AUG26KUBBAS,KXWTAMATCH-26AUG26KUBBAS-KUB,3,Martyna Kubka,0.97,0.98,0.975,US Open Women Singles,3,2026-08-26T21:10:00Z
KXWTAMATCH-26AUG26KUBBAS,KXWTAMATCH-26AUG26KUBBAS-BAS,3,Marina Bassols Ribera,0.02,0.03,0.025,US Open Women Singles,3,2026-08-26T21:10:00Z
KXWTAMATCH-26AUG26LIURAD,KXWTAMATCH-26AUG26LIURAD-RAD,3,Lola Radivojevic,0.21,0.22,0.215,US Open Women Singles,3,2026-08-26T22:20:00Z
KXWTAMATCH-26AUG26LIURAD,KXWTAMATCH-26AUG26LIURAD-LIU,3,Kristina Liutova,0.78,0.8,0.79,US Open Women Singles,3,2026-08-26T22:20:00Z
KXWTAMATCH-26AUG26SWASTO,KXWTAMATCH-26AUG26SWASTO-SWA,3,Katie Swan,0.21,0.22,0.215,US Open Women Singles,3,2026-08-26T19:50:00Z
KXWTAMATCH-26AUG26SWASTO,KXWTAMATCH-26AUG26SWASTO-STO,3,Mary Stoiana,0.78,0.79,0.785,US Open Women Singles,3,2026-08-26T19:50:00Z
KXWTAMATCH-26AUG26KALCOS,KXWTAMATCH-26AUG26KALCOS-COS,3,Sofia Costoulas,0.48,0.49,0.485,US Open Women Singles,3,2026-08-26T22:25:00Z
KXWTAMATCH-26AUG26KALCOS,KXWTAMATCH-26AUG26KALCOS-KAL,3,Elvina Kalieva,0.51,0.52,0.515,US Open Women Singles,3,2026-08-26T22:25:00Z
KXWTAMATCH-26AUG26SEMSHU,KXWTAMATCH-26AUG26SEMSHU-SHU,3,Alexandra Shubladze,0.64,0.65,0.645,US Open Women Singles,3,2026-08-26T22:15:00Z
KXWTAMATCH-26AUG26SEMSHU,KXWTAMATCH-26AUG26SEMSHU-SEM,3,Darja Semenistaja,0.35,0.36,0.355,US Open Women Singles,3,2026-08-26T22:15:00Z
KXWTAMATCH-26AUG26YEOHUN,KXWTAMATCH-26AUG26YEOHUN-HUN,3,Storm Hunter,0.4,0.42,0.41000000000000003,US Open Women Singles,3,2026-08-26T21:50:00Z
KXWTAMATCH-26AUG26YEOHUN,KXWTAMATCH-26AUG26YEOHUN-YEO,3,Yeon Woo Ku,0.57,0.59,0.58,US Open Women Singles,3,2026-08-26T21:50:00Z
KXWTAMATCH-26AUG27BANRUS,KXWTAMATCH-26AUG27BANRUS-RUS,3,Arantxa Rus,0.33,0.37,0.35,US Open Women Singles,3,2026-08-27T15:00:00Z
KXWTAMATCH-26AUG27BANRUS,KXWTAMATCH-26AUG27BANRUS-BAN,3,Susan Bandecchi,0.57,0.67,0.62,US Open Women Singles,3,2026-08-27T15:00:00Z
KXWTAMATCH-26AUG27BOLKOE,KXWTAMATCH-26AUG27BOLKOE-KOE,3,Anouk Koevermans,0.56,0.61,0.585,US Open Women Singles,3,2026-08-27T15:00:00Z
KXWTAMATCH-26AUG27BOLKOE,KXWTAMATCH-26AUG27BOLKOE-BOL,3,Mariam Bolkvadze,0.39,0.43,0.41000000000000003,US Open Women Singles,3,2026-08-27T15:00:00Z
KXWTAMATCH-26AUG27BRAMON,KXWTAMATCH-26AUG27BRAMON-BRA,3,Carson Branstine,0.23,0.27,0.25,US Open Women Singles,3,2026-08-27T15:00:00Z
KXWTAMATCH-26AUG27BRAMON,KXWTAMATCH-26AUG27BRAMON-MON,3,Robin Montgomery,0.73,0.77,0.75,US Open Women Singles,3,2026-08-27T15:00:00Z
KXWTAMATCH-26AUG27IATLAZ,KXWTAMATCH-26AUG27IATLAZ-IAT,3,Polina Iatcenko,0.55,0.59,0.5700000000000001,US Open Women Singles,3,2026-08-27T15:00:00Z
KXWTAMATCH-26AUG27IATLAZ,KXWTAMATCH-26AUG27IATLAZ-LAZ,3,Andrea Lazaro Garcia,0.41,0.45,0.43,US Open Women Singles,3,2026-08-27T15:00:00Z
KXWTAMATCH-26AUG27KNUGOR,KXWTAMATCH-26AUG27KNUGOR-GOR,3,Ekaterine Gorgodze,0.25,0.3,0.275,US Open Women Singles,3,2026-08-27T15:00:00Z
KXWTAMATCH-26AUG27KNUGOR,KXWTAMATCH-26AUG27KNUGOR-KNU,3,Gabriela Knutson,0.7,0.74,0.72,US Open Women Singles,3,2026-08-27T15:00:00Z
KXWTAMATCH-26AUG27PARSTE,KXWTAMATCH-26AUG27PARSTE-PAR,3,Julieta Pareja,0.54,0.59,0.565,US Open Women Singles,3,2026-08-27T15:00:00Z
KXWTAMATCH-26AUG27PARSTE,KXWTAMATCH-26AUG27PARSTE-STE,3,Lucrezia Stefanini,0.41,0.45,0.43,US Open Women Singles,3,2026-08-27T15:00:00Z
KXWTAMATCH-26AUG27RISSAK,KXWTAMATCH-26AUG27RISSAK-SAK,3,Himeno Sakatsume,0.57,0.67,0.62,US Open Women Singles,3,2026-08-27T15:00:00Z
KXWTAMATCH-26AUG27RISSAK,KXWTAMATCH-26AUG27RISSAK-RIS,3,Mia Ristic,0.33,0.37,0.35,US Open Women Singles,3,2026-08-27T15:00:00Z
KXWTAMATCH-26AUG27ZHEPRI,KXWTAMATCH-26AUG27ZHEPRI-PRI,3,Elena Pridankina,0.22,0.25,0.235,US Open Women Singles,3,2026-08-27T15:00:00Z
KXWTAMATCH-26AUG27ZHEPRI,KXWTAMATCH-26AUG27ZHEPRI-ZHE,3,Qinwen Zheng,0.77,0.78,0.775,US Open Women Singles,3,2026-08-27T15:00:00Z
KXATPCHALLENGERMATCH-26AUG26MARAND,KXATPCHALLENGERMATCH-26AUG26MARAND-AND,3,Andres Andrade,0.93,0.94,0.935,ATP Challenger Kingston 2,,2026-08-26T20:55:00Z
KXATPCHALLENGERMATCH-26AUG26MARAND,KXATPCHALLENGERMATCH-26AUG26MARAND-MAR,3,Ivan Marrero Curbelo,0.06,0.07,0.065,ATP Challenger Kingston 2,,2026-08-26T20:55:00Z
KXATPCHALLENGERMATCH-26AUG27SANBAR,KXATPCHALLENGERMATCH-26AUG27SANBAR-SAN,3,Benito Sanchez Martinez,0.4,0.41,0.405,ATP Challenger Augsburg,,2026-08-27T08:30:00Z
KXATPCHALLENGERMATCH-26AUG27SANBAR,KXATPCHALLENGERMATCH-26AUG27SANBAR-BAR,3,Hynek Barton,0.59,0.61,0.6,ATP Challenger Augsburg,,2026-08-27T08:30:00Z
KXATPCHALLENGERMATCH-26AUG27MASMEN,KXATPCHALLENGERMATCH-26AUG27MASMEN-MEN,3,Facundo Mena,0.49,0.54,0.515,ATP Challenger Augsburg,,2026-08-27T09:40:00Z
KXATPCHALLENGERMATCH-26AUG27MASMEN,KXATPCHALLENGERMATCH-26AUG27MASMEN-MAS,3,Daniel Masur,0.45,0.49,0.47,ATP Challenger Augsburg,,2026-08-27T09:40:00Z
KXATPCHALLENGERMATCH-26AUG27MONLOF,KXATPCHALLENGERMATCH-26AUG27MONLOF-MON,3,Inaki Montes-de la Torre,0.33,0.62,0.475,ATP Challenger Roehampton,,2026-08-27T10:00:00Z
KXATPCHALLENGERMATCH-26AUG27MONLOF,KXATPCHALLENGERMATCH-26AUG27MONLOF-LOF,3,George Loffhagen,0.37,0.68,0.525,ATP Challenger Roehampton,,2026-08-27T10:00:00Z
KXATPCHALLENGERMATCH-26AUG27MONRIB,KXATPCHALLENGERMATCH-26AUG27MONRIB-RIB,3,Michele Ribecai,0.38,0.69,0.5349999999999999,ATP Challenger Roehampton,,2026-08-27T10:00:00Z
KXATPCHALLENGERMATCH-26AUG27MONRIB,KXATPCHALLENGERMATCH-26AUG27MONRIB-MON,3,Johannus Monday,0.33,0.62,0.475,ATP Challenger Roehampton,,2026-08-27T10:00:00Z
KXWTACHALLENGERMATCH-26AUG26SELJAU,KXWTACHALLENGERMATCH-26AUG26SELJAU-JAU,3,Capucine Jauffret,0.04,0.05,0.045,WTA 125K Philadelphia,,2026-08-26T22:00:00Z
KXWTACHALLENGERMATCH-26AUG26SELJAU,KXWTACHALLENGERMATCH-26AUG26SELJAU-SEL,3,Oksana Selekhmeteva,0.95,0.96,0.955,WTA 125K Philadelphia,,2026-08-26T22:00:00Z
