event,ticker,exchange_index,player,subaccount,size,margin_c,max_open,max_match,max_total,min_price,max_price,variant,enabled
KXATPMATCH-26AUG26PIRGLI,KXATPMATCH-26AUG26PIRGLI-GLI,3,Daniil Glinka,0,10,2.0,10,20,60,0.1,0.9,ewma2,1
KXATPMATCH-26AUG26PIRGLI,KXATPMATCH-26AUG26PIRGLI-PIR,3,Zsombor Piros,0,10,2.0,10,20,60,0.1,0.9,ewma2,1
KXATPMATCH-26AUG26ROCHAR,KXATPMATCH-26AUG26ROCHAR-HAR,3,Lloyd Harris,0,10,2.0,10,20,60,0.1,0.9,ewma2,1
KXATPMATCH-26AUG26ROCHAR,KXATPMATCH-26AUG26ROCHAR-ROC,3,Henrique Rocha,0,10,2.0,10,20,60,0.1,0.9,ewma2,1
KXATPMATCH-26AUG26SACLLA,KXATPMATCH-26AUG26SACLLA-LLA,3,Pablo Llamas Ruiz,0,10,2.0,10,20,60,0.1,0.9,ewma2,1
KXATPMATCH-26AUG26SACLLA,KXATPMATCH-26AUG26SACLLA-SAC,3,Vitaliy Sachko,0,10,2.0,10,20,60,0.1,0.9,ewma2,1
KXATPMATCH-26AUG26KOVTSI,KXATPMATCH-26AUG26KOVTSI-TSI,3,Stefanos Tsitsipas,0,10,2.0,10,20,60,0.1,0.9,ewma2,1
KXATPMATCH-26AUG26KOVTSI,KXATPMATCH-26AUG26KOVTSI-KOV,3,Aleksandar Kovacevic,0,10,2.0,10,20,60,0.1,0.9,ewma2,1
KXATPMATCH-26AUG26BUDOCO,KXATPMATCH-26AUG26BUDOCO-BUD,3,Nicolai Budkov Kjaer,0,10,2.0,10,20,60,0.1,0.9,ewma2,1
KXATPMATCH-26AUG26BUDOCO,KXATPMATCH-26AUG26BUDOCO-OCO,3,Christopher O'Connell,0,10,2.0,10,20,60,0.1,0.9,ewma2,1
KXATPMATCH-26AUG26KYMSMI,KXATPMATCH-26AUG26KYMSMI-SMI,3,Colton Smith,0,10,2.0,10,20,60,0.1,0.9,ewma2,1
KXATPMATCH-26AUG26KYMSMI,KXATPMATCH-26AUG26KYMSMI-KYM,3,Jerome Kym,0,10,2.0,10,20,60,0.1,0.9,ewma2,1
KXATPMATCH-26AUG26CINDEL,KXATPMATCH-26AUG26CINDEL-DEL,3,Hugo Dellien,0,10,2.0,10,20,60,0.1,0.9,ewma2,1
KXATPMATCH-26AUG26CINDEL,KXATPMATCH-26AUG26CINDEL-CIN,3,Federico Cina,0,10,2.0,10,20,60,0.1,0.9,ewma2,1
KXATPMATCH-26AUG26DRAJOH,KXATPMATCH-26AUG26DRAJOH-JOH,3,Andrew Johnson,0,10,2.0,10,20,60,0.1,0.9,ewma2,1
KXATPMATCH-26AUG26DRAJOH,KXATPMATCH-26AUG26DRAJOH-DRA,3,Liam Draxl,0,10,2.0,10,20,60,0.1,0.9,ewma2,1
KXATPMATCH-26AUG26SCHHON,KXATPMATCH-26AUG26SCHHON-SCH,3,Tristan Schoolkate,0,10,2.0,10,20,60,0.1,0.9,ewma2,1
KXATPMATCH-26AUG26SCHHON,KXATPMATCH-26AUG26SCHHON-HON,3,Seongchan Hong,0,10,2.0,10,20,60,0.1,0.9,ewma2,1
KXATPMATCH-26AUG26YUNGOJ,KXATPMATCH-26AUG26YUNGOJ-YUN,3,Yunchaokete Bu,0,10,2.0,10,20,60,0.1,0.9,ewma2,1
KXATPMATCH-26AUG26YUNGOJ,KXATPMATCH-26AUG26YUNGOJ-GOJ,3,Borna Gojo,0,10,2.0,10,20,60,0.1,0.9,ewma2,1
KXATPMATCH-26AUG26SONDUC,KXATPMATCH-26AUG26SONDUC-SON,3,Lorenzo Sonego,0,10,2.0,10,20,60,0.1,0.9,ewma2,1
KXATPMATCH-26AUG26SONDUC,KXATPMATCH-26AUG26SONDUC-DUC,3,James Duckworth,0,10,2.0,10,20,60,0.1,0.9,ewma2,1
KXATPMATCH-26AUG26DAMMAR,KXATPMATCH-26AUG26DAMMAR-MAR,3,Fabian Marozsan,0,10,2.0,10,20,60,0.1,0.9,ewma2,1
KXATPMATCH-26AUG26DAMMAR,KXATPMATCH-26AUG26DAMMAR-DAM,3,Martin Damm Jr,0,10,2.0,10,20,60,0.1,0.9,ewma2,1
KXATPMATCH-26AUG27DOUGUE,KXATPMATCH-26AUG27DOUGUE-GUE,3,Andrea Guerrieri,0,10,2.0,10,20,60,0.1,0.9,ewma2,1
KXATPMATCH-26AUG27DOUGUE,KXATPMATCH-26AUG27DOUGUE-DOU,3,Aziz Dougaz,0,10,2.0,10,20,60,0.1,0.9,ewma2,1
KXATPMATCH-26AUG27FEAROD,KXATPMATCH-26AUG27FEAROD-FEA,3,Jacob Fearnley,0,10,2.0,10,20,60,0.1,0.9,ewma2,1
KXATPMATCH-26AUG27FEAROD,KXATPMATCH-26AUG27FEAROD-ROD,3,Jurij Rodionov,0,10,2.0,10,20,60,0.1,0.9,ewma2,1
KXATPMATCH-26AUG27GAUWEN,KXATPMATCH-26AUG27GAUWEN-GAU,3,Vilius Gaubas,0,10,2.0,10,20,60,0.1,0.9,ewma2,1
KXATPMATCH-26AUG27GAUWEN,KXATPMATCH-26AUG27GAUWEN-WEN,3,Harry Wendelken,0,10,2.0,10,20,60,0.1,0.9,ewma2,1
KXATPMATCH-26AUG27GEABAS,KXATPMATCH-26AUG27GEABAS-BAS,3,Nishesh Basavareddy,0,10,2.0,10,20,60,0.1,0.9,ewma2,1
KXATPMATCH-26AUG27GEABAS,KXATPMATCH-26AUG27GEABAS-GEA,3,Arthur Gea,0,10,2.0,10,20,60,0.1,0.9,ewma2,1
KXATPMATCH-26AUG27MOCPAS,KXATPMATCH-26AUG27MOCPAS-PAS,3,Francesco Passaro,0,10,2.0,10,20,60,0.1,0.9,ewma2,1
KXATPMATCH-26AUG27MOCPAS,KXATPMATCH-26AUG27MOCPAS-MOC,3,Shintaro Mochizuki,0,10,2.0,10,20,60,0.1,0.9,ewma2,1
KXATPMATCH-26AUG27RINBAR,KXATPMATCH-26AUG27RINBAR-BAR,3,Marcelo Tomas Barrios Vera,0,10,2.0,10,20,60,0.1,0.9,ewma2,1
KXATPMATCH-26AUG27RINBAR,KXATPMATCH-26AUG27RINBAR-RIN,3,Daniel Rincon,0,10,2.0,10,20,60,0.1,0.9,ewma2,1
KXATPMATCH-26AUG27SAMGAR,KXATPMATCH-26AUG27SAMGAR-GAR,3,Cristian Garin,0,10,2.0,10,20,60,0.1,0.9,ewma2,1
KXATPMATCH-26AUG27SAMGAR,KXATPMATCH-26AUG27SAMGAR-SAM,3,Toby Samuel,0,10,2.0,10,20,60,0.1,0.9,ewma2,1
KXATPMATCH-26AUG27SVRMCD,KXATPMATCH-26AUG27SVRMCD-MCD,3,Mackenzie McDonald,0,10,2.0,10,20,60,0.1,0.9,ewma2,1
KXATPMATCH-26AUG27SVRMCD,KXATPMATCH-26AUG27SVRMCD-SVR,3,Dalibor Svrcina,0,10,2.0,10,20,60,0.1,0.9,ewma2,1
KXATPMATCH-26AUG27VIRDIM,KXATPMATCH-26AUG27VIRDIM-VIR,3,Otto Virtanen,0,10,2.0,10,20,60,0.1,0.9,ewma2,1
KXATPMATCH-26AUG27VIRDIM,KXATPMATCH-26AUG27VIRDIM-DIM,3,Grigor Dimitrov,0,10,2.0,10,20,60,0.1,0.9,ewma2,1
KXATPMATCH-26AUG27WONLAJ,KXATPMATCH-26AUG27WONLAJ-LAJ,3,Dusan Lajovic,0,10,2.0,10,20,60,0.1,0.9,ewma2,1
KXATPMATCH-26AUG27WONLAJ,KXATPMATCH-26AUG27WONLAJ-WON,3,Coleman Wong,0,10,2.0,10,20,60,0.1,0.9,ewma2,1
KXATPMATCH-26AUG27BONVAN,KXATPMATCH-26AUG27BONVAN-BON,3,Benjamin Bonzi,0,10,2.0,10,20,60,0.1,0.9,ewma2,1
KXATPMATCH-26AUG27BONVAN,KXATPMATCH-26AUG27BONVAN-VAN,3,Botic Van de Zandschulp,0,10,2.0,10,20,60,0.1,0.9,ewma2,1
KXATPMATCH-26AUG27CERBUS,KXATPMATCH-26AUG27CERBUS-CER,3,Juan Manuel Cerundolo,0,10,2.0,10,20,60,0.1,0.9,ewma2,1
KXATPMATCH-26AUG27CERBUS,KXATPMATCH-26AUG27CERBUS-BUS,3,Ignacio Buse,0,10,2.0,10,20,60,0.1,0.9,ewma2,1
KXWTAMATCH-26AUG25CHWPAR,KXWTAMATCH-26AUG25CHWPAR-CHW,3,Maja Chwalinska,0,10,2.0,10,20,60,0.1,0.9,ewma2,1
KXWTAMATCH-26AUG25CHWPAR,KXWTAMATCH-26AUG25CHWPAR-PAR,3,Alycia Parks,0,10,2.0,10,20,60,0.1,0.9,ewma2,1
KXWTAMATCH-26AUG25VALSAS,KXWTAMATCH-26AUG25VALSAS-VAL,3,Vendula Valdmannova,0,10,2.0,10,20,60,0.1,0.9,ewma2,1
KXWTAMATCH-26AUG25VALSAS,KXWTAMATCH-26AUG25VALSAS-SAS,3,Aliaksandra Sasnovich,0,10,2.0,10,20,60,0.1,0.9,ewma2,1
KXWTAMATCH-26AUG26WATFIT,KXWTAMATCH-26AUG26WATFIT-FIT,3,Angela Fita Boluda,0,10,2.0,10,20,60,0.1,0.9,ewma2,1
KXWTAMATCH-26AUG26WATFIT,KXWTAMATCH-26AUG26WATFIT-WAT,3,Heather Watson,0,10,2.0,10,20,60,0.1,0.9,ewma2,1
KXWTAMATCH-26AUG26HIBSIS,KXWTAMATCH-26AUG26HIBSIS-SIS,3,Anna Siskova,0,10,2.0,10,20,60,0.1,0.9,ewma2,1
KXWTAMATCH-26AUG26HIBSIS,KXWTAMATCH-26AUG26HIBSIS-HIB,3,Nao Hibino,0,10,2.0,10,20,60,0.1,0.9,ewma2,1
KXWTAMATCH-26AUG26ZIDMAR,KXWTAMATCH-26AUG26ZIDMAR-ZID,3,Tamara Zidansek,0,10,2.0,10,20,60,0.1,0.9,ewma2,1
KXWTAMATCH-26AUG26ZIDMAR,KXWTAMATCH-26AUG26ZIDMAR-MAR,3,Guiomar Maristany Zuleta de Reales,0,10,2.0,10,20,60,0.1,0.9,ewma2,1
KXWTAMATCH-26AUG26ALETAU,KXWTAMATCH-26AUG26ALETAU-TAU,3,Clara Tauson,0,10,2.0,10,20,60,0.1,0.9,ewma2,1
KXWTAMATCH-26AUG26ALETAU,KXWTAMATCH-26AUG26ALETAU-ALE,3,Ekaterina Alexandrova,0,10,2.0,10,20,60,0.1,0.9,ewma2,1
KXWTAMATCH-26AUG26BUCVID,KXWTAMATCH-26AUG26BUCVID-BUC,3,Cristina Bucsa,0,10,2.0,10,20,60,0.1,0.9,ewma2,1
KXWTAMATCH-26AUG26BUCVID,KXWTAMATCH-26AUG26BUCVID-VID,3,Darja Vidmanova,0,10,2.0,10,20,60,0.1,0.9,ewma2,1
KXWTAMATCH-26AUG26UDVMER,KXWTAMATCH-26AUG26UDVMER-MER,3,Elise Mertens,0,10,2.0,10,20,60,0.1,0.9,ewma2,1
KXWTAMATCH-26AUG26UDVMER,KXWTAMATCH-26AUG26UDVMER-UDV,3,Panna Udvardy,0,10,2.0,10,20,60,0.1,0.9,ewma2,1
KXWTAMATCH-26AUG26HONGAR,KXWTAMATCH-26AUG26HONGAR-HON,3,Priscilla Hon,0,10,2.0,10,20,60,0.1,0.9,ewma2,1
KXWTAMATCH-26AUG26HONGAR,KXWTAMATCH-26AUG26HONGAR-GAR,3,Joanna Garland,0,10,2.0,10,20,60,0.1,0.9,ewma2,1
KXWTAMATCH-26AUG26JONBAR,KXWTAMATCH-26AUG26JONBAR-JON,3,Francesca Jones,0,10,2.0,10,20,60,0.1,0.9,ewma2,1
KXWTAMATCH-26AUG26JONBAR,KXWTAMATCH-26AUG26JONBAR-BAR,3,Mona Barthel,0,10,2.0,10,20,60,0.1,0.9,ewma2,1
KXWTAMATCH-26AUG26KUBBAS,KXWTAMATCH-26AUG26KUBBAS-KUB,3,Martyna Kubka,0,10,2.0,10,20,60,0.1,0.9,ewma2,1
KXWTAMATCH-26AUG26KUBBAS,KXWTAMATCH-26AUG26KUBBAS-BAS,3,Marina Bassols Ribera,0,10,2.0,10,20,60,0.1,0.9,ewma2,1
KXWTAMATCH-26AUG26LIURAD,KXWTAMATCH-26AUG26LIURAD-RAD,3,Lola Radivojevic,0,10,2.0,10,20,60,0.1,0.9,ewma2,1
KXWTAMATCH-26AUG26LIURAD,KXWTAMATCH-26AUG26LIURAD-LIU,3,Kristina Liutova,0,10,2.0,10,20,60,0.1,0.9,ewma2,1
KXWTAMATCH-26AUG26SWASTO,KXWTAMATCH-26AUG26SWASTO-SWA,3,Katie Swan,0,10,2.0,10,20,60,0.1,0.9,ewma2,1
KXWTAMATCH-26AUG26SWASTO,KXWTAMATCH-26AUG26SWASTO-STO,3,Mary Stoiana,0,10,2.0,10,20,60,0.1,0.9,ewma2,1
KXWTAMATCH-26AUG26KALCOS,KXWTAMATCH-26AUG26KALCOS-COS,3,Sofia Costoulas,0,10,2.0,10,20,60,0.1,0.9,ewma2,1
KXWTAMATCH-26AUG26KALCOS,KXWTAMATCH-26AUG26KALCOS-KAL,3,Elvina Kalieva,0,10,2.0,10,20,60,0.1,0.9,ewma2,1
KXWTAMATCH-26AUG26SEMSHU,KXWTAMATCH-26AUG26SEMSHU-SHU,3,Alexandra Shubladze,0,10,2.0,10,20,60,0.1,0.9,ewma2,1
KXWTAMATCH-26AUG26SEMSHU,KXWTAMATCH-26AUG26SEMSHU-SEM,3,Darja Semenistaja,0,10,2.0,10,20,60,0.1,0.9,ewma2,1
KXWTAMATCH-26AUG26YEOHUN,KXWTAMATCH-26AUG26YEOHUN-HUN,3,Storm Hunter,0,10,2.0,10,20,60,0.1,0.9,ewma2,1
KXWTAMATCH-26AUG26YEOHUN,KXWTAMATCH-26AUG26YEOHUN-YEO,3,Yeon Woo Ku,0,10,2.0,10,20,60,0.1,0.9,ewma2,1
KXWTAMATCH-26AUG27BANRUS,KXWTAMATCH-26AUG27BANRUS-RUS,3,Arantxa Rus,0,10,2.0,10,20,60,0.1,0.9,ewma2,1
KXWTAMATCH-26AUG27BANRUS,KXWTAMATCH-26AUG27BANRUS-BAN,3,Susan Bandecchi,0,10,2.0,10,20,60,0.1,0.9,ewma2,1
KXWTAMATCH-26AUG27BOLKOE,KXWTAMATCH-26AUG27BOLKOE-KOE,3,Anouk Koevermans,0,10,2.0,10,20,60,0.1,0.9,ewma2,1
KXWTAMATCH-26AUG27BOLKOE,KXWTAMATCH-26AUG27BOLKOE-BOL,3,Mariam Bolkvadze,0,10,2.0,10,20,60,0.1,0.9,ewma2,1
KXWTAMATCH-26AUG27BRAMON,KXWTAMATCH-26AUG27BRAMON-BRA,3,Carson Branstine,0,10,2.0,10,20,60,0.1,0.9,ewma2,1
KXWTAMATCH-26AUG27BRAMON,KXWTAMATCH-26AUG27BRAMON-MON,3,Robin Montgomery,0,10,2.0,10,20,60,0.1,0.9,ewma2,1
KXWTAMATCH-26AUG27IATLAZ,KXWTAMATCH-26AUG27IATLAZ-IAT,3,Polina Iatcenko,0,10,2.0,10,20,60,0.1,0.9,ewma2,1
KXWTAMATCH-26AUG27IATLAZ,KXWTAMATCH-26AUG27IATLAZ-LAZ,3,Andrea Lazaro Garcia,0,10,2.0,10,20,60,0.1,0.9,ewma2,1
KXWTAMATCH-26AUG27KNUGOR,KXWTAMATCH-26AUG27KNUGOR-GOR,3,Ekaterine Gorgodze,0,10,2.0,10,20,60,0.1,0.9,ewma2,1
KXWTAMATCH-26AUG27KNUGOR,KXWTAMATCH-26AUG27KNUGOR-KNU,3,Gabriela Knutson,0,10,2.0,10,20,60,0.1,0.9,ewma2,1
KXWTAMATCH-26AUG27PARSTE,KXWTAMATCH-26AUG27PARSTE-PAR,3,Julieta Pareja,0,10,2.0,10,20,60,0.1,0.9,ewma2,1
KXWTAMATCH-26AUG27PARSTE,KXWTAMATCH-26AUG27PARSTE-STE,3,Lucrezia Stefanini,0,10,2.0,10,20,60,0.1,0.9,ewma2,1
KXWTAMATCH-26AUG27RISSAK,KXWTAMATCH-26AUG27RISSAK-SAK,3,Himeno Sakatsume,0,10,2.0,10,20,60,0.1,0.9,ewma2,1
KXWTAMATCH-26AUG27RISSAK,KXWTAMATCH-26AUG27RISSAK-RIS,3,Mia Ristic,0,10,2.0,10,20,60,0.1,0.9,ewma2,1
KXWTAMATCH-26AUG27ZHEPRI,KXWTAMATCH-26AUG27ZHEPRI-PRI,3,Elena Pridankina,0,10,2.0,10,20,60,0.1,0.9,ewma2,1
KXWTAMATCH-26AUG27ZHEPRI,KXWTAMATCH-26AUG27ZHEPRI-ZHE,3,Qinwen Zheng,0,10,2.0,10,20,60,0.1,0.9,ewma2,1
KXATPCHALLENGERMATCH-26AUG26MARAND,KXATPCHALLENGERMATCH-26AUG26MARAND-AND,3,Andres Andrade,0,10,2.0,10,20,60,0.1,0.9,ewma2,1
KXATPCHALLENGERMATCH-26AUG26MARAND,KXATPCHALLENGERMATCH-26AUG26MARAND-MAR,3,Ivan Marrero Curbelo,0,10,2.0,10,20,60,0.1,0.9,ewma2,1
KXATPCHALLENGERMATCH-26AUG27SANBAR,KXATPCHALLENGERMATCH-26AUG27SANBAR-SAN,3,Benito Sanchez Martinez,0,10,2.0,10,20,60,0.1,0.9,ewma2,1
KXATPCHALLENGERMATCH-26AUG27SANBAR,KXATPCHALLENGERMATCH-26AUG27SANBAR-BAR,3,Hynek Barton,0,10,2.0,10,20,60,0.1,0.9,ewma2,1
KXATPCHALLENGERMATCH-26AUG27MASMEN,KXATPCHALLENGERMATCH-26AUG27MASMEN-MEN,3,Facundo Mena,0,10,2.0,10,20,60,0.1,0.9,ewma2,1
KXATPCHALLENGERMATCH-26AUG27MASMEN,KXATPCHALLENGERMATCH-26AUG27MASMEN-MAS,3,Daniel Masur,0,10,2.0,10,20,60,0.1,0.9,ewma2,1
KXATPCHALLENGERMATCH-26AUG27MONLOF,KXATPCHALLENGERMATCH-26AUG27MONLOF-MON,3,Inaki Montes-de la Torre,0,10,2.0,10,20,60,0.1,0.9,ewma2,1
KXATPCHALLENGERMATCH-26AUG27MONLOF,KXATPCHALLENGERMATCH-26AUG27MONLOF-LOF,3,George Loffhagen,0,10,2.0,10,20,60,0.1,0.9,ewma2,1
KXATPCHALLENGERMATCH-26AUG27MONRIB,KXATPCHALLENGERMATCH-26AUG27MONRIB-RIB,3,Michele Ribecai,0,10,2.0,10,20,60,0.1,0.9,ewma2,1
KXATPCHALLENGERMATCH-26AUG27MONRIB,KXATPCHALLENGERMATCH-26AUG27MONRIB-MON,3,Johannus Monday,0,10,2.0,10,20,60,0.1,0.9,ewma2,1
KXWTACHALLENGERMATCH-26AUG26SELJAU,KXWTACHALLENGERMATCH-26AUG26SELJAU-JAU,3,Capucine Jauffret,0,10,2.0,10,20,60,0.1,0.9,ewma2,1
KXWTACHALLENGERMATCH-26AUG26SELJAU,KXWTACHALLENGERMATCH-26AUG26SELJAU-SEL,3,Oksana Selekhmeteva,0,10,2.0,10,20,60,0.1,0.9,ewma2,1
